material_type,material_name,item_description,vendor_item_number,vendor_name,class_name,url_link,notes,additional classes
Class Supplies,Armada Spring Scissors,Armada Easy Spring Scissors,57083-1001,Blick Art Materials,Partners Art,https://www.dickblick.com/items/armada-easy-spring-scissors/,,
Brushes,Liquitex Basics Synth Brushes and Sets,Liquitex Basics Synthetic Brushes - Class Pack of 96 | BLICK Art Materials,04454-1096,Blick Art Materials,Art 1,https://www.dickblick.com/products/liquitex-basics-brushes/?fromSearch=%2Fsearch%2F%3Fsearchword%3D04454-1096&Item=04454-1096,Set with bigger brushes. Usually 1 or 2 of these will be good enough,"Art 2, Art 3, Art 4, Adv Art 1"
Brushes,Liquitex Basics Synth Brushes - 5,Liquitex Basics Synthetic Brushes - Set of 5 | BLICK Art Materials,06551-1005,Blick Art Materials,Art 1,https://www.dickblick.com/items/liquitex-basics-brush-set-set-of-5/,Brush Set,"Art 2, Art 3, Art 4, Adv Art 1"
Brushes,Blick Sumi Brush - Size 6,Blick Sumi Brush - Size 6,04321-1006,Blick Art Materials,Adv Art 2,https://www.dickblick.com/items/blick-sumi-brush-size-6/,,
Brushes,Blick Sumi Brush - Size 2,Blick Sumi Brush - Size 2,04321-1002,Blick Art Materials,Adv Art 2,https://www.dickblick.com/items/blick-sumi-brush-size-2/,,
Brushes,"Spotter, Short Handle, 5/0","Princeton Select Synthetic Brush - Spotter, Short Handle, 5/0",06376-7050,Blick Art Materials,Adv Art 2,https://www.dickblick.com/products/princeton-select-series-3750-synthetic-brushes/?fromSearch=%2Fsearch%2F%3Fsearchword%3Dline+detail+brushes&Item=06376-7050,,Drawing
Brushes,"Short Liner, Short Handle, 18/0","Princeton Select Synthetic Brush - Short Liner, Short Handle, Size 18/0",06391-7018,Blick Art Materials,Adv Art 2,https://www.dickblick.com/products/princeton-select-series-3750-synthetic-brushes/?fromSearch=%2Fsearch%2F%3Fsearchword%3Dline+detail+brushes&Item=06391-7018,,Drawing
Brushes,"Short Liner, Short Handle, 10/0","Princeton Select Synthetic Brush - Short Liner, Short Handle, Size 10/0",06391-7010,Blick Art Materials,Adv Art 2,https://www.dickblick.com/products/princeton-select-series-3750-synthetic-brushes/?fromSearch=%2Fsearch%2F%3Fsearchword%3Dline+detail+brushes&Item=06391-7010,,Drawing
Brushes,"Round, Short Handle,  3/0","Princeton Select Synthetic Brush - Round, Short Handle, Size 3/0",06389-1030,Blick Art Materials,Adv Art 2,https://www.dickblick.com/products/princeton-select-series-3750-synthetic-brushes/?fromSearch=%2Fsearch%2F%3Fsearchword%3Dline+detail+brushes&Item=06389-1030,,Drawing
Brushes,"Round, Short Handle, Size 0","Princeton Select Synthetic Brush - Round, Short Handle, Size 0",06389-1000,Blick Art Materials,Adv Art 2,https://www.dickblick.com/products/princeton-select-series-3750-synthetic-brushes/?fromSearch=%2Fsearch%2F%3Fsearchword%3Dline+detail+brushes&Item=06389-1000,,Drawing
Clay,T-Mix 6 w/ Grog,T-Mix 6 ,SKU: 7118,Trinity Ceramics,AP 3D,https://trinityceramic.com/product/t-mix-6-wgrog/,More advanced clay,
Art Kit,Sharpie Fine Point 36 Pack,"Sharpie® Permanent Fine-Point Markers, Black, Pack Of 36",1390240,Office Depot,Whole Department,https://www.officedepot.com/a/products/1390240/Sharpie-Permanent-Fine-Point-Markers-Black/#Reviews,Can get from Amazon and Blick. Amazon usually is cheaper,
Clay Tools,Metal Rib,Metal Rib - also called flexible steel scraper,SKU: 971,Trinity Ceramics,Ceramics,https://trinityceramic.com/product/s3-x/,,
Art Kit,Sharpie Ultra Fine 12 Pack,"Sharpie® Permanent Ultra-Fine Point Markers, Black, Pack Of 12 Markers",451898,Office Depot,Whole Department,https://www.officedepot.com/a/products/451898/Sharpie-Permanent-Ultra-Fine-Point-Markers/#Reviews,Can get from Amazon and Blick. Amazon usually is cheaper,
Art Kit,"Blick Mesh Zipper Bag - 12"" x 16""",Art Kit Bag,16974-2016,Blick Art Materials,Whole Department,https://www.dickblick.com/items/blick-mesh-zipper-bag-12-x-16/,,
Class Supplies,Blick  Scissors,Blick Studio Multi-Purpose Scissors - 8-1/4,86021-2021,Blick Art Materials,Whole Department,https://www.dickblick.com/items/blick-studio-multi-purpose-scissors-8-14/,,
Class Supplies,Blick  Scissors,"Bent Handle Soft Grip Blick Studio Multi-Purpose Scissors - 8-1/4"" ",86021-2021,Blick Art Materials,Whole Department,https://www.dickblick.com/products/blick-studio-soft-grip-bent-scissors/,,
Class Supplies,Compass,Orange Compass,55437-0000,Blick Art Materials,Whole Department,https://www.dickblick.com/items/safe-t-safe-t-compass/,,
Class Supplies,"12"" Flexible Clear Ruler",Flexible Clear ruler,55693-1012,Blick Art Materials,Whole Department,https://www.dickblick.com/items/westcott-flexible-ruler-12-inch-metric/,,
Class Supplies,X-Acto Knife,X-Acto Knife with cap,57445-1101,Blick Art Materials,Whole Department,https://www.dickblick.com/items/x-acto-knife-1-with-cap/,,
Class Supplies,"12"" Metal Ruler","12"" Metal Ruler with cork backed",56009-1012,Blick Art Materials,Whole Department,https://www.dickblick.com/items/blick-stainless-steel-ruler-12-cork-backed/,,
Class Supplies,Hot Glue Sticks 5lb Box,"Hot Glue Gun refills 7/16"" x 4""",23604-1104,Blick Art Materials,Whole Department,https://www.dickblick.com/items/surebonder-clear-stik-hot-glue-sticks-5-lb-716-x-4/,"7/16"" - Larger refill sticks",
Drawing,Crayola Broad Line Markers and Sets,Crayola Broad Line Markers - Assorted Sets,Various,Blick Art Materials,Partners Art,https://www.dickblick.com/products/crayola-broad-line-markers/?Item=21218-1109,,
Drawing,Posca Paint Markers Set,Paint Markers Set,19994-1159,Blick Art Materials,Partners Art,https://www.dickblick.com/items/uni-posca-paint-markers-basic-colors-set-of-15-bullet-tip-7-mm/,,
Drawing,Prismacolor Pencils - Portrait Set,"Prismacolor Premier Colored Pencils - Set of 24, Portrait Colors",20586-0429,Blick Art Materials,Adv Art 2,https://www.dickblick.com/products/prismacolor-premier-colored-pencils/?Item=20586-0249,,Drawing
Drawing,Brush Pens - Landscape Colors,"Tombow Dual Brush Pens - Set of 10, Landscape Colors",21334-1139,Blick Art Materials,Adv Art 2,https://www.dickblick.com/items/tombow-dual-brush-pens-landscape-colors-set-of-10/,,Drawing
Drawing,Brush Pens - Potrait Colors,"Tombow Dual Brush Pens - Set of 10, Portrait Colors",21334-1149,Blick Art Materials,Adv Art 2,https://www.dickblick.com/items/tombow-dual-brush-pens-portrait-colors-set-of-10/,,Drawing
Drawing,Brush Pens - Bright Colors,"Tombow Dual Brush Pens - Set of 10, Bright Colors",21334-1179,Blick Art Materials,Adv Art 2,https://www.dickblick.com/items/tombow-dual-brush-pens-bright-colors-set-of-10/,,Drawing
Drawing,Brush Pens - Primary Colors,"Tombow Dual Brush Pens - Set of 10, Primary Colors",21334-1119,Blick Art Materials,Adv Art 2,https://www.dickblick.com/items/tombow-dual-brush-pens-primary-colors-set-of-10/,,Drawing
Drawing,Brush Pens - Grey Scale,"Tombow Dual Brush Pens - Set of 10, Gray Scale Colors",21334-1159,Blick Art Materials,Adv Art 2,https://www.dickblick.com/items/tombow-dual-brush-pens-grary-scale-colors-set-of-10/,,Drawing
Encaustics,Enkaustikos Cakes,Enkaustikos Hot Cakes Encaustic Paints and Sets,Various,Blick Art Materials,AP 2D,https://www.dickblick.com/products/enkaustikos-hot-cakes-encaustic-wax-paints/?fromSearch=%2Fsearch%2F%3Fsearchword%3D01111-0029,,Drawing
Art Kit,Eraser - Pink Pearl box of 12,"Pink Pearl Eraser - Large, Box of 12",21518-3051,Blick Art Materials,Whole Department,https://www.dickblick.com/products/pink-pearl-eraser/?fromSearch=%2Fsearch%2F%3Fsearchword%3D21518-3051,,
Art Kit,Eraser Caps - box of 240,Pencil Cap Erasers,21577-1024,Blick Art Materials,Whole Department,Pentel Hi-Polymer Eraser Caps,,
Art Kit,Eraser - Prismacolor Magic Rub,Magic Rub Eraser,21510-1003,Blick Art Materials,Whole Department,https://www.dickblick.com/products/prismacolor-magic-rub-eraser/,,
Art Kit,Eraser - Hi-Plolymer 3 pack,Pentel Hi-Polymer Erasers pkg of 3,21590-1021,Blick Art Materials,Whole Department,https://www.dickblick.com/products/pentel-hi-polymer-erasers/,,
Fibers,Tapestry Needles,"Blunt Tapestry Needles, 12",65104-1009,Blick Art Materials,Adv Art 1,https://www.dickblick.com/products/needles/?fromSearch=%2Fsearch%2F%3Fsearchword%3D65104-1009,,"Art 2, Art 3, Art 4"
Fibers,Lacing Needles Plastic,"Roylco Plastic Lacing Needles, 32",81339-1001,Blick Art Materials,Whole Department,https://www.dickblick.com/products/roylco-plastic-lacing-needles/?fromSearch=%2Fsearch%2F%3Fsearchword%3D81339-1001,,
Fibers,Weaving Needles Plastic,"Plastic Weaving Needles, 12",65109-1009,Blick Art Materials,Whole Department,https://www.dickblick.com/products/plastic-weaving-needles/?fromSearch=%2Fsearch%2F%3Fsearchword%3D65109-1009,,
Fibers,DMC Cotton Embroidery Floss,embroidery thread,various,Blick Art Materials,Whole Department,https://www.dickblick.com/products/dmc-cotton-embroidery-floss/,,
Fibers,Leisure Arts Fiber-fil Poly Stuffing,Stuffing,various,Blick Art Materials,Whole Department,https://www.dickblick.com/products/essentials-by-leisure-arts-fiber-fil/,,
Painting,Blick Unprimed Cotton Canvas,"Unprimed Canvas by the yard - 7oz 72""",07334-1772,Blick Art Materials,Adv Art 1,https://www.dickblick.com/items/blick-cotton-canvas-by-the-yard-7-oz-unprimed-72/,,"Art 2, Art 3, Art 4"
Fibers,Classroom Yarn Assortment,Assorted Yarn - 5lb assorted colors,65208-1005,Blick Art Materials,Adv Art 1,https://www.dickblick.com/items/classroom-yarn-assortment-5-lb-assorted-colors/,,"Art 2, Art 3, Art 4"
Fibers,Dritz Embroidery Needles - Size 3,Embroidery Needles package of 3,62430-1001,Blick Art Materials,Adv Art 1,https://www.dickblick.com/products/dritz-embroidery-needles/?fromSearch=%2Fsearch%2F%3Fsearchword%3D62430-1001,,"Art 2, Art 3, Art 4"
Fibers,Janlynn Embroidery Floss,"Janlynn Embroidery Floss Pack, Primary, Pkg of 36",73502-1036,Blick Art Materials,Adv Art 1,https://www.dickblick.com/items/janlynn-embroidery-floss-pack-primary-pkg-of-36/,,"Art 2, Art 3, Art 4"
Fixative,Blick Matte Fixative - 12 oz,Spray Fixative,21707-1105,Blick Art Materials,Drawing,https://www.dickblick.com/items/blick-matte-fixative-12-oz/,,AP2D
Fixative,Artist's Spray Adhesive,Scotch Spray Mount Artist's Adhesive - 10.25 oz,23706-1105,Blick Art Materials,Drawing,https://www.dickblick.com/items/3m-spray-mount-artists-adhesive-1025-oz/,,AP2D
Fixative,Yautomo Nori Paste,collage paste,24000-1002,Blick Art Materials,Drawing,https://www.dickblick.com/items/yasutomo-nori-paste-10-oz-jar/,,AP2D
Markers,Studio  Markers - Set Assorted Colors,"Blick Studio Brush Markers - Set of 24, Assorted Colors",24532-1249,Blick Art Materials,Drawing,https://www.dickblick.com/items/blick-studio-brush-markers-assorted-colors-set-of-24/,,AP2D
Markers,Dual Brush Pens - Set,"Tombow Dual Brush Pens - Set of 54 with Case, Assorted Colors",21334-1549,Blick Art Materials,Drawing,https://www.dickblick.com/items/tombow-dual-brush-pens-set-of-54-with-case/,,AP2D
Paint,Blickcrylic - Primary Blue,"Blickrylic Student Acrylics - Primary Blue, Half Gallon",00711-5018,Blick Art Materials,Art 1,https://www.dickblick.com/items/blickrylic-student-acrylics-primary-blue-half-gallon/,,"Art 2, Art 3, Art 4"
Paint,Blickcrylic - Burnt Umber,"Blickrylic Student Acrylics - Burnt Umber, Half Gallon",00711-8058,Blick Art Materials,Art 1,https://www.dickblick.com/items/blickrylic-student-acrylics-burnt-umber-half-gallon/,,"Art 2, Art 3, Art 4"
Paint,Blickcrylic - Burnt Sienna,"Blickrylic Student Acrylics - Burnt Sienna, Half Gallon",00711-8048,Blick Art Materials,Art 1,https://www.dickblick.com/items/blickrylic-student-acrylics-burnt-sienna-half-gallon/,,"Art 2, Art 3, Art 4"
Paint,Blickcrylic - Bright Red,"Blickrylic Student Acrylics - Bright Red, Half Gallon",00711-3078,Blick Art Materials,Art 1,https://www.dickblick.com/items/blickrylic-student-acrylics-bright-red-half-gallon/,,"Art 2, Art 3, Art 4"
Paint,Blickcrylic - Titanium Wht,"Blickrylic Student Acrylics - Titanium White, Half Gallon",00711-1118,Blick Art Materials,Art 1,https://www.dickblick.com/items/blickrylic-student-acrylics-titanium-white-half-gallon/,,"Art 2, Art 3, Art 4"
Paint,Blickcrylic - Mars Black,"Blickrylic Student Acrylics - Mars Black, Half Gallon",00711-2048,Blick Art Materials,Art 1,https://www.dickblick.com/items/blickrylic-student-acrylics-mars-black-half-gallon/,,"Art 2, Art 3, Art 4"
Paint,Blickcrylic - Primary Yellow,"Blickrylic Student Acrylics - Primary Yellow, Half Gallon",00711-4018,Blick Art Materials,Art 1,https://www.dickblick.com/items/blickrylic-student-acrylics-primary-yellow-half-gallon/,,"Art 2, Art 3, Art 4"
Paint,Blickcrylic - Raw Sienna,"Blickrylic Student Acrylics -Raw Sienna, Half Gallon",00711-8068,Blick Art Materials,Art 1,https://www.dickblick.com/products/blickrylic-student-acrylics/?Item=00711-8068,,"Art 2, Art 3, Art 4"
Paint,Blickcrylic - Magenta,"Blickrylic Student Acrylics - Magenta, Half Gallon",00711-3048,Blick Art Materials,Art 1,https://www.dickblick.com/items/blickrylic-student-acrylics-magenta-half-gallon/,,"Art 2, Art 3, Art 4"
Paint,Chromacryl - Black,"Chromacryl Students' Acrylics - Black, 64 oz bottle",00709-2008,Blick Art Materials,Adv Art 1,https://www.dickblick.com/items/chromacryl-students-acrylics-black-64-oz-bottle/,,Adv Art 2
Paint,Chromacryl - White,"Chromacryl Students' Acrylics - White, 64 oz bottle",00709-1008,Blick Art Materials,Adv Art 1,https://www.dickblick.com/products/chromacryl-students-acrylics/?Item=00709-1008,,Adv Art 2
Paint,Chromacryl - Blockout White,"Chromacryl Students' Acrylics - Blockout White, 1/2 Gallon",00709-1028,Blick Art Materials,Adv Art 1,https://www.dickblick.com/products/chromacryl-students-acrylics/?Item=00709-1026,,Adv Art 2
Paint,Chromacryl - Cool Blue,"Chromacryl Students' Acrylics - Cool Blue, 64 oz tube",00709-5628,Blick Art Materials,Adv Art 1,https://www.dickblick.com/items/chromacryl-students-acrylics-cool-blue-64-oz-tube/,,Adv Art 2
Paint,Chromacryl - Cool Red,"Chromacryl Students' Acrylics - Cool Red, 64 oz bottle",00709-3718,Blick Art Materials,Adv Art 1,https://www.dickblick.com/items/chromacryl-students-acrylics-cool-red-64-oz-bottle/,,Adv Art 2
Paint,Chromacryl - Warm Red,"Chromacryl Students' Acrylics - Warm Red, 64 oz bottle",00709-3728,Blick Art Materials,Adv Art 1,https://www.dickblick.com/items/chromacryl-students-acrylics-warm-red-64-oz-bottle/,,Adv Art 2
Paint,Chromacryl - Cool Yellow,"Chromacryl Students' Acrylics - Cool Yellow, 64 oz bottle",00709-4478,Blick Art Materials,Adv Art 1,https://www.dickblick.com/items/chromacryl-students-acrylics-cool-yellow-64-oz-bottle/,,Adv Art 2
Paint,Chromacryl - Warm Yellow,"Chromacryl Students' Acrylics - Warm Yellow, 64 oz bottle",00709-4428,Blick Art Materials,Adv Art 1,https://www.dickblick.com/items/chromacryl-students-acrylics-warm-yellow-64-oz-bottle/,,Adv Art 2
Paint,Chromacryl - Warm Blue,"Chromacryl Students' Acrylics - Warm Blue, 64 oz bottle",00709-5508,Blick Art Materials,Adv Art 1,https://www.dickblick.com/items/chromacryl-students-acrylics-warm-blue-64-oz-bottle/,,Adv Art 2
Paint,Chromacryl - Burnt Sienna,"Chromacryl Students' Acrylics - Burnt Sienna, 64 oz bottle",00709-8048,Blick Art Materials,Adv Art 1,https://www.dickblick.com/products/chromacryl-students-acrylics/?Item=00709-8048,,Adv Art 2
Paint,Chromacryl - Yellow Oxide,"Chromacryl Students' Acrylics - Yellow Oxide, 64 oz bottle",00709-4118,Blick Art Materials,Adv Art 1,https://www.dickblick.com/items/chromacryl-students-acrylics-yellow-oxide-64-oz-bottle/,,Adv Art 2
Paint,Chromacryl - Burnt Umber,"Chromacryl Students' Acrylics - Burnt Umber, 64 oz bottle",00709-8058,Blick Art Materials,Adv Art 1,https://www.dickblick.com/products/chromacryl-students-acrylics/?Item=00709-8058,,Adv Art 2
Class Supplies,FIFO 16 oz. Squeeze Bottles,6 Pack FIFO 16 oz. Squeeze Bottles,various,Amazon,Whole Department,https://www.amazon.com/dp/B072K1SWND/?coliid=I2HR46UM78UTDN&colid=3VSHZ90G91VUB&psc=1&ref_=lv_ov_lig_dp_it,,
Painting,Disposable Palette Paper,"Richeson Disposable Palette Paper Bulk Pack - 11"" x 14"" pkg of 1400",03513-1005,Blick Art Materials,Whole Department,https://www.dickblick.com/items/richeson-disposable-palette-paper-bulk-pack-11-x-14-pkg-of-1400/,,
Painting,Oil and Acrylic Pad Sheets,"Canson XL Oil and Acrylic Pad - 11"" x 14"", 24 Sheets",34920-1063,Blick Art Materials,Whole Department,https://www.dickblick.com/items/canson-xl-oil-acrylic-pad-11-x-14-24-sheets/,,
Paint,Liquitex Metallic Paint,"Liquitex Basics Acrylic Paints - Set of 6, Metallic and Iridescent, 22 ml",00717-0619,Blick Art Materials,Drawing,https://www.dickblick.com/items/liquitex-basics-acrylic-set-set-of-6-metallic-75-oz-tubes/,,AP2D
Paint,Liquitex Fluorescent Paint,"Liquitex Basics Acrylic Paints - Set of 6 Fluorescent, 22 ml",00717-0609,Blick Art Materials,Drawing,https://www.dickblick.com/items/liquitex-basics-acrylic-set-set-of-6-fluorescent-75-oz-tubes/,,AP2D
Painting,Canvas Packs,Blick Academic Canvas 2-Packs,various,Blick Art Materials,Whole Department,https://www.dickblick.com/products/blick-academic-cotton-canvas-packs/?fromSearch=%2Fsearch%2F%3Fsearchword%3D07167-1620,,
Painting,Canvas 16 x 20,"Blick Academic Cotton Stretched Canvas Pack - 16"" x 20"", Pkg of 2",07167-1620,Blick Art Materials,Whole Department,https://www.dickblick.com/items/blick-academic-cotton-stretched-canvas-16-x-20-pkg-of-2/,,
Paint,Studio Acrylic - Titan White,"Blick Studio Acrylics - Pkg of 2, Titanium White, 4 oz tubes",01637-1010,Blick Art Materials,Drawing,https://www.dickblick.com/items/blick-studio-acrylics-pkg-of-2-titanium-white-4-oz-tubes/,,AP2D
Paint,Studio Acrylic - Set 12,"Blick Studio Acrylics - Set of 12 colors, 21 ml tubes",01637-0129,Blick Art Materials,Drawing,https://www.dickblick.com/items/blick-studio-acrylics-set-of-12-colors-21-ml-tubes/,,AP2D
Paper,Black Mat Board,"Crescent Bulk Matboards - Black, 32"" x 40"", Pkg of 25",13046-2020,Blick Art Materials,Whole Department,https://www.dickblick.com/items/crescent-bulk-matboards-black-32-x-40-pkg-of-25/,,
Paper,White Mat Board,"Crescent Bulk Matboards - White, 32"" x 40"", Pkg of 25",13046-1020,Blick Art Materials,Whole Department,https://www.dickblick.com/items/crescent-bulk-matboards-white-32-x-40-pkg-of-25/,,
Art Kit,Sketchbook 9 x 12,Beinfang Mixed Media Sketchbook 9 x 12,22784-1023,Blick Art Materials,Whole Department,https://www.dickblick.com/products/bienfang-mixed-media-pad/,,
Paper,Watercolor Paper 140lb - 18 x 24 ,"Blick Studio Watercolor Pad - 18"" x 24"", 140 lb, Tapebound, 15 Sheets",10180-1209,Blick Art Materials,Drawing,https://www.dickblick.com/items/blick-studio-watercolor-pad-18-x-24-140-lb-tapebound-15-sheets/,,AP2D
Printmaking,Blue Lino Cut Sheets 5 x 7,"Blick Blue Easy-To-Cut - Sheet, 5"" x 7""",40420-1057,Blick Art Materials,Adv Art 1,https://www.dickblick.com/items/blick-blue-easy-to-cut-sheet-5-x-7/,,Adv Art 2
Printmaking,Block Print Ink - Gold,"Blick Water-Soluble Block Printing Ink - Gold, 8 oz Jar",40305-4055,Blick Art Materials,Adv Art 1,https://www.dickblick.com/items/blick-water-soluble-block-printing-ink-gold-8-oz-jar/,,Adv Art 2
Printmaking,Block Print Ink - Black,"Blick Water-Soluble Block Printing Ink - Black, 5 oz Tube",40305-2007,Blick Art Materials,Adv Art 1,https://www.dickblick.com/items/blick-water-soluble-block-printing-ink-black-5-oz-tube/,,Adv Art 2
Printmaking,Lino Cutter No. 1 - set,"Speedball Linoleum Cutters - Lino Cutter No. 1, Set of 5 Cutters",40203-1019,Blick Art Materials,Adv Art 1,https://www.dickblick.com/items/speedball-lino-set-no-1-without-handle/,,Adv Art 2
Printmaking,Lino Cutter Handles,"Speedball Linoleum Cutter Handles - Box of 12, Assorted Colors",40201-1009,Blick Art Materials,Adv Art 1,https://www.dickblick.com/items/speedball-linoleum-cutter-handles-box-of-12-assorted-colors/,,Adv Art 2
Printmaking,Lino Cut Set No. 5 U-Gouge,"Speedball Linoleum Cutter - Pkg of 12, No. 5 Large U-Gouge",40203-1012,Blick Art Materials,Adv Art 1,https://www.dickblick.com/items/speedball-linoleum-cutter-pkg-of-12-no-5-large-u-gouge/,,Adv Art 2
Printmaking,Lino Cut Set No. 3 U-Gouge,"Speedball Linoleum Cutter - Pkg of 12, No. 3 Small U Gouge",40203-1312,Blick Art Materials,Adv Art 1,https://www.dickblick.com/items/speedball-linoleum-cutter-pkg-of-12-no-3-small-u-gouge/,,Adv Art 2
Printmaking,Lino Cut Set No. 2 V-Gouge,"Speedball Linoleum Cutter - Pkg of 12, No. 2 Large V",40203-1412,Blick Art Materials,Adv Art 1,https://www.dickblick.com/items/speedball-linoleum-cutter-pkg-of-12-no-2-large-v/,,Adv Art 2
Printmaking,Lino Cut Set No. 1 V-Gouge,"Speedball Linoleum Cutter - Pkg of 12, No. 1 Small V",40203-1212,Blick Art Materials,Adv Art 1,https://www.dickblick.com/items/speedball-linoleum-cutter-pkg-of-12-no-1-small-v/,,Adv Art 2
Printmaking,Block Print Ink - Proc Magenta,"Speedball Water-Soluble Block Printing Ink - Process Magenta, 5 oz",40303-3712,Blick Art Materials,Adv Art 1,https://www.dickblick.com/products/speedball-water-soluble-block-printing-inks/?Item=40303-3712,,Adv Art 2
Printmaking,Block Print Ink - Proc Yellow,"Speedball Water-Soluble Block Printing Ink - Process Yellow, 5 oz",40303-4402,Blick Art Materials,Adv Art 1,https://www.dickblick.com/products/speedball-water-soluble-block-printing-inks/?fromSearch=%2Fsearch%2F%3Fsearchword%3Dprocess+yellow+ink&Item=40303-4402,,Adv Art 2
Printmaking,Block Printing Ink,Speedball Water-Soluble Block Printing Inks and Sets,Various,Blick Art Materials,Adv Art 1,https://www.dickblick.com/products/speedball-water-soluble-block-printing-inks/,,Adv Art 2
Printmaking,Block Pring Ink - Proc Cyan,"Speedball Water-Soluble Block Printing Ink - Process Cyan, 5 oz",40303-5512,Blick Art Materials,Adv Art 1,https://www.dickblick.com/products/speedball-water-soluble-block-printing-inks/?fromSearch=%2Fsearch%2F%3Fsearchword%3Dprocess+yellow+ink&Item=40303-5512,,Adv Art 2
Crafting,Foam Shapes - Assorted,"Creativity Street WonderFoam Pieces - Assorted Colors and Shapes, 1/2 lb, Approx 3000 Pieces",60947-1005,Blick Art Materials,Partners Art,https://www.dickblick.com/items/creativity-street-wonderfoam-pieces-assorted-colors-and-shapes-12-lb-approx-3000-pieces/,,
Crafting,Foam Sheets - Assorted,"Creativity Street WonderFoam Sheets - Assorted Colors, 9"" x 12"" Sheets, Pkg of 10",60947-1023,Blick Art Materials,Partners Art,https://www.dickblick.com/items/creativity-street-wonderfoam-sheets-assorted-colors-9-x-12-sheets-pkg-of-10/,,
Sharpeners,Pencil Sharpener Black,Blick Pencil Sharpener,21460-1001,Blick Art Materials,Whole Department,https://www.dickblick.com/items/blick-pencil-sharpener/,,
Sharpeners,Red Pencil Sharpener,Blick by KUM Long Point Sharpener,21461-1001,Blick Art Materials,Whole Department,https://www.dickblick.com/items/blick-by-kum-long-point-sharpener/,,
Sharpeners,X-Acto Electric Sharpener,X-Acto School Pro Electric Pencil Sharpener - Black,81406-2020,Blick Art Materials,Whole Department,https://www.dickblick.com/items/x-acto-school-pro-electric-pencil-sharpener-black/,,
Paper,Watercolor Paper 90b - 18 x 24 ,"Blick Essentials Watercolor Pad - 18"" x 24"", 90 lb, Tapebound, 15 Sheets",10180-1009,Blick Art Materials,Whole Department,https://www.dickblick.com/items/blick-essentials-watercolor-pad-18-x-24-90-lb-tapebound-15-sheets/,,
Painting,Watercolor Pan Set - Square,"Prang Semi-Moist Watercolor Paint - Square Pans, Assorted, Set of 16",00305-1008,Blick Art Materials,Whole Department,https://www.dickblick.com/items/prang-watercolor-pans-square-assorted-set-of-16-colors/,,
Painting,Watercolor Pan Set - Oval,"Prang Watercolor Pans - Oval, Assorted, Set of 16 colors",00305-1009,Blick Art Materials,Whole Department,https://www.dickblick.com/items/prang-watercolor-pans-oval-assorted-set-of-16-colors/,,
Paint,W&N Slow Dry Medium,Winsor & Newton Artists' Acrylic Slow Drying Medium,02022-3001,Blick Art Materials,Drawing,https://www.dickblick.com/products/winsor-newton-artists-acrylic-slow-drying-medium/?fromSearch=%2Fsearch%2F%3Fsearchword%3D02022-3001,,AP2D
Paper,Yupo Watercolor Paper,"Yupo Synthetic Paper, Single Sheet, ",10067-1031,Blick Art Materials,Adv Art 2,https://www.dickblick.com/products/legion-yupo-synthetic-paper-sheets-and-rolls/,,"AP2D, Drawing"
Sponges,Large Cleanup Sponge,Large cleanup sponge,SKU: 3232,Trinity Ceramics,Ceramics,https://trinityceramic.com/product/largecleanupsponge/,,
Drawing,Prismacolor Pencils - Set of 24,"Prismacolor Premier Colored Pencils - Set of 24, Assorted Colors",20508-0036,Blick Art Materials,Whole Department,https://www.dickblick.com/products/prismacolor-premier-colored-pencils/?Item=20508-2409,,
Clay,Underglaze Pencil - Black,Amaco Underglaze Decorating Pencil - Black,30438-2020,Blick Art Materials,Ceramics,https://www.dickblick.com/items/amaco-underglaze-decorating-pencil-black/,,
Clay,White Stoneware No Grog,White Stoneware No Grog,SKU: 7116,Trinity Ceramics,Ceramics,https://trinityceramic.com/product/white-stoneware-no-grog-25-lb-bag-trinity-ceramic/,,
Sponges,Small Yellow Rnd Sponge,Yellow Round Sponge ,SKU: 2670,Trinity Ceramics,Ceramics,https://trinityceramic.com/product/yellowroundsponge/,,
Sponges,Blue Mudsponge,Mudtools Throwing Sponge Blue,SKU: 6459,Trinity Ceramics,Ceramics,https://trinityceramic.com/product/blue-mudsponge/,,
Clay Tools,Pro Needle Tool,Pro Needle Tool – PRO | Kemper (Blister Pack),SKU: 940,Trinity Ceramics,Ceramics,https://trinityceramic.com/product/pro/,,
Brushes,Glazing Fan Brush,Soft Fan Brush - 6 | Royal Langnickel,SKU: 6527,Trinity Ceramics,Ceramics,https://trinityceramic.com/product/r835-6/,,
Clay Tools,R2-X 6″ RIBBON TOOL,Trimming Tool,SKU: 948,Trinity Ceramics,Ceramics,https://trinityceramic.com/product/r2-x/,,
Clay Tools,FTB-X SCORING TOOL,Scoring Tool,SKU: 770,Trinity Ceramics,Ceramics,https://trinityceramic.com/product/ftb-x-scoring/,,
Clay Tools,BLUE 1 FIRM RIB,Blue Plastic Kidney Rib,SKU: 5537,Trinity Ceramics,Ceramics,https://trinityceramic.com/product/blue-rib-1/,,
Ceramics,14in Pottery Wheel Bat,large bat for pottery wheel,30019-9014,Blick Art Materials,Ceramics,https://www.dickblick.com/items/amaco-plasti-bat-with-pin-holes-14-round/,,
Clay Tools,Metal Rib - Pointed Half Moon,Half Moon shaped rib with pointed tip,31161-4001,Blick Art Materials,Ceramics,https://www.dickblick.com/items/richeson-stainless-steel-scrapers-pointed-half-moon-2-x-4-58/,,
Clay,Amaco Kiln Gloves,Kiln Gloves,01111-2254,Blick Art Materials,Ceramics,https://www.dickblick.com/items/amaco-kiln-gloves-large-1-pair/,,
Sponges,Orange Mudsponge,Mud Tools Brand Throwing Sponge Orange,31149-4510,Blick Art Materials,Ceramics,https://www.dickblick.com/items/mudtools-mudsponge-orange-absorbent/,,
Clay Tools,Scoring Tool,Blick Scoring Tool,31163-1055,Blick Art Materials,Ceramics,https://www.dickblick.com/items/art-alternatives-scratch-wire-brush-5-5-in-l/,,
Brushes,Glazing Brush Set 72,Various Glaze brush sizes - blue handle,06424-1729,Blick Art Materials,Ceramics,https://www.dickblick.com/items/royal-langnickel-ceramic-classroom-brush-assortment-set-of-72/,,
Brushes,Glazing Brush Set 60,Various Glaze brush sizes - clear handle,05891-1049,Blick Art Materials,Ceramics,https://www.dickblick.com/items/royal-langnickel-clear-choice-brush-set-soft-natural-ceramic-brushes-set-of-60-short-handle/,,
Sponges,Blue Mudsponge,Mudtools Throwing Sponge Blue,31149-5010,Blick Art Materials,Ceramics,https://www.dickblick.com/items/mudtools-mudsponge-blue-workhorse/,,
Clay,Underglaze - Spectrum Brand,Spectrum Underglazes,various,Blick Art Materials,Ceramics,https://www.dickblick.com/products/spectrum-underglazes/,,
Clay,Pottery Wheel Bat Pins 1-1/4 inch,Bat Pins - 1-1/4 inch.,various,Amazon,Ceramics,https://www.amazon.com/LEOLIO-Stainless-Steel-Bat-Pins/dp/B0CQC96H2F/ref=pd_sbs_d_sccl_2_2/132-5454899-0031517?pd_rd_w=qm2Aw&content-id=amzn1.sym.aa738fbd-ad05-4d11-aae2-04b598db6305&pf_rd_p=aa738fbd-ad05-4d11-aae2-04b598db6305&pf_rd_r=TSQXDQZPQX5P7860NWKC&pd_rd_wg=ga6j0&pd_rd_r=9aa27e56-9751-4f89-aa46-3b446b980153&pd_rd_i=B0CQC96H2F&th=1,for the pottery wheels (Check size. Correct size is 1.25 inches in length),
Sculpture,Aluminum Foil 250sqft,Aluminum Foil,Various,Amazon,Art 1,https://www.amazon.com/Amazon-Basics-Aluminum-Foil-Pack/dp/B093WS3YGV/ref=sr_1_8?crid=1RIA6GC04VIXS&dib=eyJ2IjoiMSJ9.JN6kgihxZp9y04DiAZCkAqUQoB3Tm9IR1826PkVyWckk2A4F52jpL2mBWIkyz9dFgcGOJ0Hj2n_Q4hnzHDhXZriyxnQycP1t1jVNLM95CluA6g5cFamiuW9xlZg6jnHNCKf0EC6m5zOkWwH5MKCun9JwIO-QiUkk1NUBFKIk_v7YLVl_pthIgIhxpliaL5W7-o2imoQwVCzxtvzVD4QKlbmJ4Pi1M69YZfbcvaTvdj77fBuYAAJYqY_xj4NroLKdR5al-2rk7Qr60cMwDfrfiZ7GphNP89bCOFet5-0OT50.QeYYtvXuS8AcoV8ts3uvyOgQaAhq4pGGQj3mNT9hVdY&dib_tag=se&keywords=aluminum%2Bfoil&qid=1775911216&rdc=1&sprefix=aluminum%2Caps%2C145&sr=8-8&th=1,250 sqft is recommened amount. Can get less for class needs,"Art 2, Adv Art 1, Adv Art 2, Art 3, Art 4, AP3D"
Sculpture,Armature Wire - 14 gauge,Mandala Crafts 14 Gauge Anodized Aluminum Craft Wire for Jewelry Making - 60 FT,Various,Amazon,Art 1,https://www.amazon.com/Mandala-Crafts-Anodized-Aluminum-Sculpting/dp/B06ZXY1PXB/ref=sr_1_6?crid=TK6SRVTNYM96&dib=eyJ2IjoiMSJ9.YqH-wAGGUcI1NBcTJjGJO-wuzmWWqQAyuvdZ5xfWfdOSp8GsWdhqaQTbRL5j2_Y36KQJobAOulwbXpJyHjMUizp9MA3Do0MVaPCyt6VGrF6l8MQcDAWekzTTf7RDWHQTEtaINokoWVcVEWcWcumqD-52BTskocs0cKo3zhheZ6lgBgEwfj_bnp-02Bz4zv1_0IrnJNWZJ-XmW6wL2MExq_od9i3f539jiI8MpktPJ0hfrmVR6JaCzbCOKDLkg8J-MG3GYnZJcH_GTLWezXBx6-vh8T-FjACsTjmAvS6G_4k.s1o50sJ7R33nY4r5sUOHOyZZKey4y8lomgc5Kv6d3w8&dib_tag=se&keywords=armature%2Bwire%2B14%2Bgauge&qid=1775911048&sprefix=armature%2Bwire%2Caps%2C138&sr=8-6&th=1,use material name to search for alternative brands,"Art 2, Adv Art 1, Adv Art 2, Art 3, Art 4, AP3D"
Ceramics,Mayco Stoneware Classic Glazes,Mayco Stoneware Classic Glazes Cone 5/6,Various,Blick Art Materials,Ceramics,https://www.dickblick.com/products/mayco-stoneware-classic-glazes/,,AP3D
Ceramics,Spectrum Floating Glazes,Spectrum Floating Cone 5/6 Glazes,Various,Blick Art Materials,Ceramics,https://www.dickblick.com/products/spectrum-floating-glazes/,,AP3D
Ceramics,Amaco Potter's Choice Glazes (PC),Amaco PC Cone 5/6 Glazes,Various,Blick Art Materials,Ceramics,https://www.dickblick.com/products/amaco-potters-choice-glazes/,,AP3D
Ceramics,Mayco Stoneware Gloss Glazes,Basic Color Mayco Cone 5/6 Glazes,Various,Blick Art Materials,Ceramics,https://www.dickblick.com/products/mayco-stoneware-gloss-glazes/,,"AP3D, Art 1, Art 2, Art 3, Art 4, Adv Art 1, Adv Art 2"
Ceramics,Amaco Celadon Glazes (C),Amaco Celadon Glazes Cone 5/6 - translucent layering,Various,Blick Art Materials,Ceramics,https://www.dickblick.com/products/amaco-celadon-high-fire-liquid-glazes/,,AP3D
Ceramics,Mayco Stoneware Crystal Glazes,Mayco Crystal Glazes Cone 5/6,Various,Blick Art Materials,Ceramics,https://www.dickblick.com/products/mayco-stoneware-crystal-glazes/,,AP3D
Ceramics,Amaco PC Flux (PCF) Glazes,Amaco Cone 5/6 Flux Glazes,Various,Blick Art Materials,Ceramics,https://www.dickblick.com/products/amaco-potters-choice-flux-glazes/,,AP3D
Ceramics,Amaco Cosmos (C0) Glazes ,Amaco Cone 5/6 Cosmos Glazes - Runny,Various,Blick Art Materials,Ceramics,https://www.dickblick.com/products/amaco-cosmos-glazes/?Item=83429-1008,,AP3D
Ceramics,Mayco Zinc Free Clear Glaze - Powder,Mayco Stoneware Zinc Free Clear Dry Glaze,30588-1060,Blick Art Materials,Ceramics,https://www.dickblick.com/products/mayco-stoneware-zinc-free-clear-dry-glaze/,,AP3D
Ceramics,Mayco Underglazes,Mayco Fundamentals Underglazes and Sets,Various,Blick Art Materials,Ceramics,https://www.dickblick.com/products/mayco-fundamentals-underglazes/,,"AP3D, Adv Art 2"
Sculpture,Original Sculpey 1lb. pack of 24,Polymer Clay Original Sculpey Classroom Pack of 24,33219-1024,Blick Art Materials,Art 1,https://www.dickblick.com/items/original-sculpey-classroom-carton-24-lb-white/,,"Art 2, Adv Art 1, Adv Art 2, Art 3, Art 4, AP3D"
Sculpture,Super Sculpey 1lb,Polymer Clay Super Sculpey,33217-3716,Blick Art Materials,AP3D,https://www.dickblick.com/items/super-sculpey-1-lb/,,
Class Supplies,Nitrile Exam Gloves Large,Latex Free Exam Gloves Large,Various,Blick Art Materials,Whole Department,https://www.amazon.com/TITANflex-Disposable-Nitrile-Cooking-Mechanic/dp/B0BR7SGFCJ/ref=sr_1_1?crid=3SO32B0B47ZEI&dib=eyJ2IjoiMSJ9.YUYWh2aKHRh5DF3nmIuENM_hHQG-YTe22BkiifKqW9fDmCCeuvwtRDEn8MD5M4yAmP7uVOIDQawSKxOMCTaH39SwiTOUTMVTaIju_J-kqizvxPMBMbUMo1vZwtJSbBn_E90dut5P_xA985IHumYp_2sIke5rP0lDC607GqjhL7AQWyBR2HyF3M8xGHu28I-AzuXPCbjC9BCxIDYqftr6dfMG8GTMl3UsHf9-FUZrrZk.7MO9o0JQeXbZLNLzGiaGvPec4HlNugNrnrnJBksUsz0&dib_tag=se&keywords=TitanFlex%2BDisposable%2BNitrile%2BExam%2BGloves%2C%2B6-mil%2C%2BBlack%2C%2BHeavy%2BDuty%2C%2BLatex%2BFree%2C%2BFood%2BSafe%2Bfor%2BCooking%2B%26%2BFood%2BPrep&nsdOptOutParam=true&qid=1775952909&sprefix=titanflex%2Bdisposable%2Bnitrile%2Bexam%2Bgloves%2C%2B6-mil%2C%2Bblack%2C%2Bheavy%2Bduty%2C%2Blatex%2Bfree%2C%2Bfood%2Bsafe%2Bfor%2Bcooking%2B%26%2Bfood%2Bprep%2Caps%2C150&sr=8-1&th=1,"if discontinued, find another brand",
Class Supplies,Nitrile Exam Gloves Medium,Latex Free Exam Gloves Medium,Various,Amazon,Whole Department,https://www.amazon.com/TITANflex-Disposable-Nitrile-Cooking-Mechanic/dp/B0BR7RY18Y/ref=sr_1_1?crid=3SO32B0B47ZEI&dib=eyJ2IjoiMSJ9.YUYWh2aKHRh5DF3nmIuENM_hHQG-YTe22BkiifKqW9fDmCCeuvwtRDEn8MD5M4yAmP7uVOIDQawSKxOMCTaH39SwiTOUTMVTaIju_J-kqizvxPMBMbUMo1vZwtJSbBn_E90dut5P_xA985IHumYp_2sIke5rP0lDC607GqjhL7AQWyBR2HyF3M8xGHu28I-AzuXPCbjC9BCxIDYqftr6dfMG8GTMl3UsHf9-FUZrrZk.7MO9o0JQeXbZLNLzGiaGvPec4HlNugNrnrnJBksUsz0&dib_tag=se&keywords=TitanFlex%2BDisposable%2BNitrile%2BExam%2BGloves%2C%2B6-mil%2C%2BBlack%2C%2BHeavy%2BDuty%2C%2BLatex%2BFree%2C%2BFood%2BSafe%2Bfor%2BCooking%2B%26%2BFood%2BPrep&nsdOptOutParam=true&qid=1775952909&sprefix=titanflex%2Bdisposable%2Bnitrile%2Bexam%2Bgloves%2C%2B6-mil%2C%2Bblack%2C%2Bheavy%2Bduty%2C%2Blatex%2Bfree%2C%2Bfood%2Bsafe%2Bfor%2Bcooking%2B%26%2Bfood%2Bprep%2Caps%2C150&sr=8-1&th=1,"if discontinued, find another brand",
Sculpture,"Aves Apoxie Sculpt - White, 64 oz",Apoxie Sculpt White 4lb. 2 parts,30570-1024,Blick Art Materials,AP3D,https://www.dickblick.com/items/4lb-white/,,
Ceramics,32oz Mixing Containers,32oz. Mixing Containers 36 Pack,Various,Amazon,Ceramics,https://www.amazon.com/Custom-Shop-Graduated-Calibrated-Multiple/dp/B07XQJ9TR7/ref=sxin_17_pa_sp_search_thematic_sspa?content-id=amzn1.sym.3859b1f1-8b34-4d43-bd56-696bede8aa56%3Aamzn1.sym.3859b1f1-8b34-4d43-bd56-696bede8aa56&crid=1G2K1D5CII8ZW&cv_ct_cx=mixing%2Bcups%2B32%2Boz&keywords=mixing%2Bcups%2B32%2Boz&pd_rd_i=B07XQJ9TR7&pd_rd_r=2516e873-0fe1-4ced-8044-26008e5a28d0&pd_rd_w=6gnc9&pd_rd_wg=8RlTt&pf_rd_p=3859b1f1-8b34-4d43-bd56-696bede8aa56&pf_rd_r=4CYK0WV7BZYDD8PEPJQ1&qid=1775953584&sbo=RZvfv%2F%2FHxDF%2BO5021pAnSA%3D%3D&sprefix=mixing%2Bcups%2B32%2B%2Caps%2C144&sr=1-2-383bc08e-f3b5-4928-b079-a9607486ab19-spons&aref=hhnNcLezBr&sp_csd=d2lkZ2V0TmFtZT1zcF9zZWFyY2hfdGhlbWF0aWM&th=1,"for ceramics, mixing glazes etc.",AP3D
Ceramics,64oz Mixing Containers,64oz. Mixing Containers 12 Pack ,Various,Amazon,Ceramics,https://www.amazon.com/dp/B00A6DGE9C/ref=sspa_dk_detail_3?psc=1&pd_rd_i=B00A6DGE9C&pd_rd_w=HWlKf&content-id=amzn1.sym.613a5a0c-ad86-44dc-b9ed-5da62fb83b9e&pf_rd_p=613a5a0c-ad86-44dc-b9ed-5da62fb83b9e&pf_rd_r=ZTXHJ2G2VK9JCV6TV81B&pd_rd_wg=RckyE&pd_rd_r=17095dd1-4c9e-40c0-897e-ae9f5c2cfcab&sp_csd=d2lkZ2V0TmFtZT1zcF9kZXRhaWw,"for ceramics, mixing glazes etc.",AP3D
Ceramics,8oz. Spray Bottle 4 pack,8oz Spray Bottle 4 pack,Various,Amazon,Ceramics,https://www.amazon.com/Pack-Empty-Plastic-Spray-Bottles/dp/B07MT4XK7K/ref=sr_1_1?dib=eyJ2IjoiMSJ9.RiWF93slaqbghiY4ANhbB8oIqDB4KMCYK74Iw0VuivKyjMLLaKQva15_LGjjO5DwLu8AbZUUCemRDOMQmiJifmF-jHBpsn-VU_HDm2QsURz1WGO7TxX274MZ1VgqYpgDxtB3xByyHbEJ4D27-5YMsOUyFXDRncJghnAZ6f_fTWXOUogxHDvx2SgYoy9GJpqc-Hh9cWavSAcPwm73KjU5nG9gEVQkBcp9uatYubsUVGTFdsh2Si5JFcAXGpxLd-BmoFOW27lZ_2eVSFy2jwD3BaG4d9xl46tVq-BebxNBKuk.t-fh71kmzK4zkX7HAKGw7OUSkVtVnrMUgiilbCK7LDQ&dib_tag=se&keywords=dilabee%2B4%2Bpack%2B8oz%2Bplastic%2Bspray%2Bbottle&qid=1775954000&sr=8-1&th=1,,AP3D
Class Supplies,Construction Paper black 9x12 50 pack,tru-ray black construction paper,Various,Amazon,Whole Department,https://www.amazon.com/Tru-Ray-Construction-9-Inches-12-Inches-103029/dp/B00008XPBI?ref_=ast_sto_dp,recommended brand,
Class Supplies,Construction Paper White 9x12 50 pack,tru-ray white contstuction paper,Various,Amazon,Whole Department,https://www.amazon.com/Tru-Ray-Sulphite-Construction-Inches-Sheets/dp/B00008XPFZ/ref=pd_sbs_d_sccl_1_1/131-8089362-2164439?pd_rd_w=qSrvL&content-id=amzn1.sym.aa738fbd-ad05-4d11-aae2-04b598db6305&pf_rd_p=aa738fbd-ad05-4d11-aae2-04b598db6305&pf_rd_r=PF9S1R32KEZFFC184HSM&pd_rd_wg=fVX8D&pd_rd_r=0f6a210a-b0ca-42a1-ae84-b5edb9691373&pd_rd_i=B00008XPFZ&th=1,recommened brand,
Art Kit,Sandpaper Block,Sand paper for cleaning blenders,21517-1000,Blick Art Materials,Whole Department,https://www.dickblick.com/products/sandpaper-block/,,
Art Kit,Pencils Classroom pack of 24," 24 each of 6B, 4B, 2B, B, HB, and 2H.",22220-2144,Blick Art Materials,Whole Department,https://www.dickblick.com/items/blick-studio-drawing-pencils-class-pack-of-144/,Class set for art kits. Order individual pencils to replace is recommended,
Art Kit,2H Pencil,2H Pencil single re-order,22220-2003,Blick Art Materials,Whole Department,https://www.dickblick.com/items/blick-studio-drawing-pencil-2h/,Individual Pencil re-order for Art Kit,
Art Kit,HB Pencil,HB Pencil single re-order,22220-2110,Blick Art Materials,Whole Department,https://www.dickblick.com/items/blick-studio-drawing-pencil-hb/,Individual Pencil re-order for Art Kit,
Art Kit,B Pencil,B Pencil single re-order,22220-2100,Blick Art Materials,Whole Department,https://www.dickblick.com/items/blick-studio-drawing-pencil-b/,Individual Pencil re-order for Art Kit,
Art Kit,2B Pencil,2B Pencil single re-order,22220-2021,Blick Art Materials,Whole Department,https://www.dickblick.com/items/blick-studio-drawing-pencil-2b/,Individual Pencil re-order for Art Kit,
Art Kit,4B Pencil,4B Pencil single re-order,22220-2041,Blick Art Materials,Whole Department,https://www.dickblick.com/items/blick-studio-drawing-pencil-4b/,Individual Pencil re-order for Art Kit,
Art Kit,6B Pencil,6b Pencil single re-order,22220-2061,Blick Art Materials,Whole Department,https://www.dickblick.com/items/blick-studio-drawing-pencil-6b-softest/,Individual Pencil re-order for Art Kit,
