"material_id","material_name","material_type","item_description","class_name","vendor_name","vendor_item_number","url_link","notes"
1,Pencils Classroom pack of 24,Art Kit," 24 each of 6B, 4B, 2B, B, HB, and 2H.",Whole Department,Blick Art Materials,"22220-2144",https://www.dickblick.com/items/blick-studio-drawing-pencils-class-pack-of-144/,Class set for art kits. Order individual pencils to replace is recommended
2,"2B Pencil",Art Kit,"2B Pencil single re-order",Whole Department,Blick Art Materials,"22220-2021",https://www.dickblick.com/items/blick-studio-drawing-pencil-2b/,Individual Pencil re-order for Art Kit
3,"2H Pencil",Art Kit,"2H Pencil single re-order",Whole Department,Blick Art Materials,"22220-2003",https://www.dickblick.com/items/blick-studio-drawing-pencil-2h/,Individual Pencil re-order for Art Kit
4,"4B Pencil",Art Kit,"4B Pencil single re-order",Whole Department,Blick Art Materials,"22220-2041",https://www.dickblick.com/items/blick-studio-drawing-pencil-4b/,Individual Pencil re-order for Art Kit
5,"6B Pencil",Art Kit,"6b Pencil single re-order",Whole Department,Blick Art Materials,"22220-2061",https://www.dickblick.com/items/blick-studio-drawing-pencil-6b-softest/,Individual Pencil re-order for Art Kit
6,"Blick Mesh Zipper Bag - 12"" x 16""",Art Kit,Art Kit Bag,Whole Department,Blick Art Materials,"16974-2016",https://www.dickblick.com/items/blick-mesh-zipper-bag-12-x-16/,""
7,B Pencil,Art Kit,B Pencil single re-order,Whole Department,Blick Art Materials,"22220-2100",https://www.dickblick.com/items/blick-studio-drawing-pencil-b/,Individual Pencil re-order for Art Kit
8,Sketchbook 9 x 12,Art Kit,Beinfang Mixed Media Sketchbook 9 x 12,Whole Department,Blick Art Materials,"22784-1023",https://www.dickblick.com/products/bienfang-mixed-media-pad/,""
9,HB Pencil,Art Kit,HB Pencil single re-order,Whole Department,Blick Art Materials,"22220-2110",https://www.dickblick.com/items/blick-studio-drawing-pencil-hb/,Individual Pencil re-order for Art Kit
10,Eraser - Prismacolor Magic Rub,Art Kit,Magic Rub Eraser,Whole Department,Blick Art Materials,"21510-1003",https://www.dickblick.com/products/prismacolor-magic-rub-eraser/,""
11,Eraser Caps - box of 240,Art Kit,Pencil Cap Erasers,Whole Department,Blick Art Materials,"21577-1024",Pentel Hi-Polymer Eraser Caps,""
12,Eraser - Hi-Plolymer 3 pack,Art Kit,Pentel Hi-Polymer Erasers pkg of 3,Whole Department,Blick Art Materials,"21590-1021",https://www.dickblick.com/products/pentel-hi-polymer-erasers/,""
13,Eraser - Pink Pearl box of 12,Art Kit,"Pink Pearl Eraser - Large, Box of 12",Whole Department,Blick Art Materials,"21518-3051",https://www.dickblick.com/products/pink-pearl-eraser/?fromSearch=%2Fsearch%2F%3Fsearchword%3D21518-3051,""
14,Sandpaper Block,Art Kit,Sand paper for cleaning blenders,Whole Department,Blick Art Materials,"21517-1000",https://www.dickblick.com/products/sandpaper-block/,""
15,Sharpie Fine Point 36 Pack,Art Kit,"Sharpie® Permanent Fine-Point Markers, Black, Pack Of 36",Whole Department,Office Depot,"1390240",https://www.officedepot.com/a/products/1390240/Sharpie-Permanent-Fine-Point-Markers-Black/#Reviews,Can get from Amazon and Blick. Amazon usually is cheaper
16,Sharpie Ultra Fine 12 Pack,Art Kit,"Sharpie® Permanent Ultra-Fine Point Markers, Black, Pack Of 12 Markers",Whole Department,Office Depot,"451898",https://www.officedepot.com/a/products/451898/Sharpie-Permanent-Ultra-Fine-Point-Markers/#Reviews,Can get from Amazon and Blick. Amazon usually is cheaper
17,Blick Sumi Brush - Size 2,Brushes,Blick Sumi Brush - Size 2,Adv Art 2,Blick Art Materials,"04321-1002",https://www.dickblick.com/items/blick-sumi-brush-size-2/,""
18,Blick Sumi Brush - Size 6,Brushes,Blick Sumi Brush - Size 6,Adv Art 2,Blick Art Materials,"04321-1006",https://www.dickblick.com/items/blick-sumi-brush-size-6/,""
19,Liquitex Basics Synth Brushes and Sets,Brushes,Liquitex Basics Synthetic Brushes - Class Pack of 96 | BLICK Art Materials,Art 3,Blick Art Materials,"04454-1096",https://www.dickblick.com/products/liquitex-basics-brushes/?fromSearch=%2Fsearch%2F%3Fsearchword%3D04454-1096&Item=04454-1096,Set with bigger brushes. Usually 1 or 2 of these will be good enough
19,Liquitex Basics Synth Brushes and Sets,Brushes,Liquitex Basics Synthetic Brushes - Class Pack of 96 | BLICK Art Materials,Adv Art 1,Blick Art Materials,"04454-1096",https://www.dickblick.com/products/liquitex-basics-brushes/?fromSearch=%2Fsearch%2F%3Fsearchword%3D04454-1096&Item=04454-1096,Set with bigger brushes. Usually 1 or 2 of these will be good enough
19,Liquitex Basics Synth Brushes and Sets,Brushes,Liquitex Basics Synthetic Brushes - Class Pack of 96 | BLICK Art Materials,Art 1,Blick Art Materials,"04454-1096",https://www.dickblick.com/products/liquitex-basics-brushes/?fromSearch=%2Fsearch%2F%3Fsearchword%3D04454-1096&Item=04454-1096,Set with bigger brushes. Usually 1 or 2 of these will be good enough
19,Liquitex Basics Synth Brushes and Sets,Brushes,Liquitex Basics Synthetic Brushes - Class Pack of 96 | BLICK Art Materials,Art 4,Blick Art Materials,"04454-1096",https://www.dickblick.com/products/liquitex-basics-brushes/?fromSearch=%2Fsearch%2F%3Fsearchword%3D04454-1096&Item=04454-1096,Set with bigger brushes. Usually 1 or 2 of these will be good enough
19,Liquitex Basics Synth Brushes and Sets,Brushes,Liquitex Basics Synthetic Brushes - Class Pack of 96 | BLICK Art Materials,Art 2,Blick Art Materials,"04454-1096",https://www.dickblick.com/products/liquitex-basics-brushes/?fromSearch=%2Fsearch%2F%3Fsearchword%3D04454-1096&Item=04454-1096,Set with bigger brushes. Usually 1 or 2 of these will be good enough
20,Liquitex Basics Synth Brushes - 5,Brushes,Liquitex Basics Synthetic Brushes - Set of 5 | BLICK Art Materials,Art 3,Blick Art Materials,"06551-1005",https://www.dickblick.com/items/liquitex-basics-brush-set-set-of-5/,Brush Set
20,Liquitex Basics Synth Brushes - 5,Brushes,Liquitex Basics Synthetic Brushes - Set of 5 | BLICK Art Materials,Adv Art 1,Blick Art Materials,"06551-1005",https://www.dickblick.com/items/liquitex-basics-brush-set-set-of-5/,Brush Set
20,Liquitex Basics Synth Brushes - 5,Brushes,Liquitex Basics Synthetic Brushes - Set of 5 | BLICK Art Materials,Art 1,Blick Art Materials,"06551-1005",https://www.dickblick.com/items/liquitex-basics-brush-set-set-of-5/,Brush Set
20,Liquitex Basics Synth Brushes - 5,Brushes,Liquitex Basics Synthetic Brushes - Set of 5 | BLICK Art Materials,Art 4,Blick Art Materials,"06551-1005",https://www.dickblick.com/items/liquitex-basics-brush-set-set-of-5/,Brush Set
20,Liquitex Basics Synth Brushes - 5,Brushes,Liquitex Basics Synthetic Brushes - Set of 5 | BLICK Art Materials,Art 2,Blick Art Materials,"06551-1005",https://www.dickblick.com/items/liquitex-basics-brush-set-set-of-5/,Brush Set
21,"Round, Short Handle, Size 0",Brushes,"Princeton Select Synthetic Brush - Round, Short Handle, Size 0",Drawing,Blick Art Materials,"06389-1000",https://www.dickblick.com/products/princeton-select-series-3750-synthetic-brushes/?fromSearch=%2Fsearch%2F%3Fsearchword%3Dline+detail+brushes&Item=06389-1000,""
21,"Round, Short Handle, Size 0",Brushes,"Princeton Select Synthetic Brush - Round, Short Handle, Size 0",Adv Art 2,Blick Art Materials,"06389-1000",https://www.dickblick.com/products/princeton-select-series-3750-synthetic-brushes/?fromSearch=%2Fsearch%2F%3Fsearchword%3Dline+detail+brushes&Item=06389-1000,""
22,"Round, Short Handle,  3/0",Brushes,"Princeton Select Synthetic Brush - Round, Short Handle, Size 3/0",Drawing,Blick Art Materials,"06389-1030",https://www.dickblick.com/products/princeton-select-series-3750-synthetic-brushes/?fromSearch=%2Fsearch%2F%3Fsearchword%3Dline+detail+brushes&Item=06389-1030,""
22,"Round, Short Handle,  3/0",Brushes,"Princeton Select Synthetic Brush - Round, Short Handle, Size 3/0",Adv Art 2,Blick Art Materials,"06389-1030",https://www.dickblick.com/products/princeton-select-series-3750-synthetic-brushes/?fromSearch=%2Fsearch%2F%3Fsearchword%3Dline+detail+brushes&Item=06389-1030,""
23,"Short Liner, Short Handle, 10/0",Brushes,"Princeton Select Synthetic Brush - Short Liner, Short Handle, Size 10/0",Drawing,Blick Art Materials,"06391-7010",https://www.dickblick.com/products/princeton-select-series-3750-synthetic-brushes/?fromSearch=%2Fsearch%2F%3Fsearchword%3Dline+detail+brushes&Item=06391-7010,""
23,"Short Liner, Short Handle, 10/0",Brushes,"Princeton Select Synthetic Brush - Short Liner, Short Handle, Size 10/0",Adv Art 2,Blick Art Materials,"06391-7010",https://www.dickblick.com/products/princeton-select-series-3750-synthetic-brushes/?fromSearch=%2Fsearch%2F%3Fsearchword%3Dline+detail+brushes&Item=06391-7010,""
24,"Short Liner, Short Handle, 18/0",Brushes,"Princeton Select Synthetic Brush - Short Liner, Short Handle, Size 18/0",Drawing,Blick Art Materials,"06391-7018",https://www.dickblick.com/products/princeton-select-series-3750-synthetic-brushes/?fromSearch=%2Fsearch%2F%3Fsearchword%3Dline+detail+brushes&Item=06391-7018,""
24,"Short Liner, Short Handle, 18/0",Brushes,"Princeton Select Synthetic Brush - Short Liner, Short Handle, Size 18/0",Adv Art 2,Blick Art Materials,"06391-7018",https://www.dickblick.com/products/princeton-select-series-3750-synthetic-brushes/?fromSearch=%2Fsearch%2F%3Fsearchword%3Dline+detail+brushes&Item=06391-7018,""
25,"Spotter, Short Handle, 5/0",Brushes,"Princeton Select Synthetic Brush - Spotter, Short Handle, 5/0",Drawing,Blick Art Materials,"06376-7050",https://www.dickblick.com/products/princeton-select-series-3750-synthetic-brushes/?fromSearch=%2Fsearch%2F%3Fsearchword%3Dline+detail+brushes&Item=06376-7050,""
25,"Spotter, Short Handle, 5/0",Brushes,"Princeton Select Synthetic Brush - Spotter, Short Handle, 5/0",Adv Art 2,Blick Art Materials,"06376-7050",https://www.dickblick.com/products/princeton-select-series-3750-synthetic-brushes/?fromSearch=%2Fsearch%2F%3Fsearchword%3Dline+detail+brushes&Item=06376-7050,""
26,Glazing Fan Brush,Brushes,Soft Fan Brush - 6 | Royal Langnickel,Ceramics,Trinity Ceramics,SKU: 6527,https://trinityceramic.com/product/r835-6/,""
27,Glazing Brush Set 72,Brushes,Various Glaze brush sizes - blue handle,Ceramics,Blick Art Materials,"06424-1729",https://www.dickblick.com/items/royal-langnickel-ceramic-classroom-brush-assortment-set-of-72/,""
28,Glazing Brush Set 60,Brushes,Various Glaze brush sizes - clear handle,Ceramics,Blick Art Materials,"05891-1049",https://www.dickblick.com/items/royal-langnickel-clear-choice-brush-set-soft-natural-ceramic-brushes-set-of-60-short-handle/,""
29,"32oz Mixing Containers",Ceramics,"32oz. Mixing Containers 36 Pack",Ceramics,Amazon,Various,https://www.amazon.com/Custom-Shop-Graduated-Calibrated-Multiple/dp/B07XQJ9TR7/ref=sxin_17_pa_sp_search_thematic_sspa?content-id=amzn1.sym.3859b1f1-8b34-4d43-bd56-696bede8aa56%3Aamzn1.sym.3859b1f1-8b34-4d43-bd56-696bede8aa56&crid=1G2K1D5CII8ZW&cv_ct_cx=mixing%2Bcups%2B32%2Boz&keywords=mixing%2Bcups%2B32%2Boz&pd_rd_i=B07XQJ9TR7&pd_rd_r=2516e873-0fe1-4ced-8044-26008e5a28d0&pd_rd_w=6gnc9&pd_rd_wg=8RlTt&pf_rd_p=3859b1f1-8b34-4d43-bd56-696bede8aa56&pf_rd_r=4CYK0WV7BZYDD8PEPJQ1&qid=1775953584&sbo=RZvfv%2F%2FHxDF%2BO5021pAnSA%3D%3D&sprefix=mixing%2Bcups%2B32%2B%2Caps%2C144&sr=1-2-383bc08e-f3b5-4928-b079-a9607486ab19-spons&aref=hhnNcLezBr&sp_csd=d2lkZ2V0TmFtZT1zcF9zZWFyY2hfdGhlbWF0aWM&th=1,"for ceramics, mixing glazes etc."
29,"32oz Mixing Containers",Ceramics,"32oz. Mixing Containers 36 Pack",AP3D,Amazon,Various,https://www.amazon.com/Custom-Shop-Graduated-Calibrated-Multiple/dp/B07XQJ9TR7/ref=sxin_17_pa_sp_search_thematic_sspa?content-id=amzn1.sym.3859b1f1-8b34-4d43-bd56-696bede8aa56%3Aamzn1.sym.3859b1f1-8b34-4d43-bd56-696bede8aa56&crid=1G2K1D5CII8ZW&cv_ct_cx=mixing%2Bcups%2B32%2Boz&keywords=mixing%2Bcups%2B32%2Boz&pd_rd_i=B07XQJ9TR7&pd_rd_r=2516e873-0fe1-4ced-8044-26008e5a28d0&pd_rd_w=6gnc9&pd_rd_wg=8RlTt&pf_rd_p=3859b1f1-8b34-4d43-bd56-696bede8aa56&pf_rd_r=4CYK0WV7BZYDD8PEPJQ1&qid=1775953584&sbo=RZvfv%2F%2FHxDF%2BO5021pAnSA%3D%3D&sprefix=mixing%2Bcups%2B32%2B%2Caps%2C144&sr=1-2-383bc08e-f3b5-4928-b079-a9607486ab19-spons&aref=hhnNcLezBr&sp_csd=d2lkZ2V0TmFtZT1zcF9zZWFyY2hfdGhlbWF0aWM&th=1,"for ceramics, mixing glazes etc."
30,"64oz Mixing Containers",Ceramics,"64oz. Mixing Containers 12 Pack ",Ceramics,Amazon,Various,https://www.amazon.com/dp/B00A6DGE9C/ref=sspa_dk_detail_3?psc=1&pd_rd_i=B00A6DGE9C&pd_rd_w=HWlKf&content-id=amzn1.sym.613a5a0c-ad86-44dc-b9ed-5da62fb83b9e&pf_rd_p=613a5a0c-ad86-44dc-b9ed-5da62fb83b9e&pf_rd_r=ZTXHJ2G2VK9JCV6TV81B&pd_rd_wg=RckyE&pd_rd_r=17095dd1-4c9e-40c0-897e-ae9f5c2cfcab&sp_csd=d2lkZ2V0TmFtZT1zcF9kZXRhaWw,"for ceramics, mixing glazes etc."
30,"64oz Mixing Containers",Ceramics,"64oz. Mixing Containers 12 Pack ",AP3D,Amazon,Various,https://www.amazon.com/dp/B00A6DGE9C/ref=sspa_dk_detail_3?psc=1&pd_rd_i=B00A6DGE9C&pd_rd_w=HWlKf&content-id=amzn1.sym.613a5a0c-ad86-44dc-b9ed-5da62fb83b9e&pf_rd_p=613a5a0c-ad86-44dc-b9ed-5da62fb83b9e&pf_rd_r=ZTXHJ2G2VK9JCV6TV81B&pd_rd_wg=RckyE&pd_rd_r=17095dd1-4c9e-40c0-897e-ae9f5c2cfcab&sp_csd=d2lkZ2V0TmFtZT1zcF9kZXRhaWw,"for ceramics, mixing glazes etc."
31,"8oz. Spray Bottle 4 pack",Ceramics,"8oz Spray Bottle 4 pack",Ceramics,Amazon,Various,https://www.amazon.com/Pack-Empty-Plastic-Spray-Bottles/dp/B07MT4XK7K/ref=sr_1_1?dib=eyJ2IjoiMSJ9.RiWF93slaqbghiY4ANhbB8oIqDB4KMCYK74Iw0VuivKyjMLLaKQva15_LGjjO5DwLu8AbZUUCemRDOMQmiJifmF-jHBpsn-VU_HDm2QsURz1WGO7TxX274MZ1VgqYpgDxtB3xByyHbEJ4D27-5YMsOUyFXDRncJghnAZ6f_fTWXOUogxHDvx2SgYoy9GJpqc-Hh9cWavSAcPwm73KjU5nG9gEVQkBcp9uatYubsUVGTFdsh2Si5JFcAXGpxLd-BmoFOW27lZ_2eVSFy2jwD3BaG4d9xl46tVq-BebxNBKuk.t-fh71kmzK4zkX7HAKGw7OUSkVtVnrMUgiilbCK7LDQ&dib_tag=se&keywords=dilabee%2B4%2Bpack%2B8oz%2Bplastic%2Bspray%2Bbottle&qid=1775954000&sr=8-1&th=1,""
31,"8oz. Spray Bottle 4 pack",Ceramics,"8oz Spray Bottle 4 pack",AP3D,Amazon,Various,https://www.amazon.com/Pack-Empty-Plastic-Spray-Bottles/dp/B07MT4XK7K/ref=sr_1_1?dib=eyJ2IjoiMSJ9.RiWF93slaqbghiY4ANhbB8oIqDB4KMCYK74Iw0VuivKyjMLLaKQva15_LGjjO5DwLu8AbZUUCemRDOMQmiJifmF-jHBpsn-VU_HDm2QsURz1WGO7TxX274MZ1VgqYpgDxtB3xByyHbEJ4D27-5YMsOUyFXDRncJghnAZ6f_fTWXOUogxHDvx2SgYoy9GJpqc-Hh9cWavSAcPwm73KjU5nG9gEVQkBcp9uatYubsUVGTFdsh2Si5JFcAXGpxLd-BmoFOW27lZ_2eVSFy2jwD3BaG4d9xl46tVq-BebxNBKuk.t-fh71kmzK4zkX7HAKGw7OUSkVtVnrMUgiilbCK7LDQ&dib_tag=se&keywords=dilabee%2B4%2Bpack%2B8oz%2Bplastic%2Bspray%2Bbottle&qid=1775954000&sr=8-1&th=1,""
32,Amaco Celadon Glazes (C),Ceramics,Amaco Celadon Glazes Cone 5/6 - translucent layering,Ceramics,Blick Art Materials,Various,https://www.dickblick.com/products/amaco-celadon-high-fire-liquid-glazes/,""
32,Amaco Celadon Glazes (C),Ceramics,Amaco Celadon Glazes Cone 5/6 - translucent layering,AP3D,Blick Art Materials,Various,https://www.dickblick.com/products/amaco-celadon-high-fire-liquid-glazes/,""
33,Amaco Cosmos (C0) Glazes ,Ceramics,Amaco Cone 5/6 Cosmos Glazes - Runny,Ceramics,Blick Art Materials,Various,https://www.dickblick.com/products/amaco-cosmos-glazes/?Item=83429-1008,""
6,"Blick Mesh Zipper Bag - 12"" x 16""",Art Kit,Art Kit Bag,Whole Department,Blick Art Materials,"16974-2016",https://www.dickblick.com/items/blick-mesh-zipper-bag-12-x-16/,""
8,Sketchbook 9 x 12,Art Kit,Beinfang Mixed Media Sketchbook 9 x 12,Whole Department,Blick Art Materials,"22784-1023",https://www.dickblick.com/products/bienfang-mixed-media-pad/,""
10,Eraser - Prismacolor Magic Rub,Art Kit,Magic Rub Eraser,Whole Department,Blick Art Materials,"21510-1003",https://www.dickblick.com/products/prismacolor-magic-rub-eraser/,""
11,Eraser Caps - box of 240,Art Kit,Pencil Cap Erasers,Whole Department,Blick Art Materials,"21577-1024",Pentel Hi-Polymer Eraser Caps,""
12,Eraser - Hi-Plolymer 3 pack,Art Kit,Pentel Hi-Polymer Erasers pkg of 3,Whole Department,Blick Art Materials,"21590-1021",https://www.dickblick.com/products/pentel-hi-polymer-erasers/,""
13,Eraser - Pink Pearl box of 12,Art Kit,"Pink Pearl Eraser - Large, Box of 12",Whole Department,Blick Art Materials,"21518-3051",https://www.dickblick.com/products/pink-pearl-eraser/?fromSearch=%2Fsearch%2F%3Fsearchword%3D21518-3051,""
15,Sharpie Fine Point 36 Pack,Art Kit,"Sharpie® Permanent Fine-Point Markers, Black, Pack Of 36",Whole Department,Office Depot,"1390240",https://www.officedepot.com/a/products/1390240/Sharpie-Permanent-Fine-Point-Markers-Black/#Reviews,Can get from Amazon and Blick. Amazon usually is cheaper
16,Sharpie Ultra Fine 12 Pack,Art Kit,"Sharpie® Permanent Ultra-Fine Point Markers, Black, Pack Of 12 Markers",Whole Department,Office Depot,"451898",https://www.officedepot.com/a/products/451898/Sharpie-Permanent-Ultra-Fine-Point-Markers/#Reviews,Can get from Amazon and Blick. Amazon usually is cheaper
17,Blick Sumi Brush - Size 2,Brushes,Blick Sumi Brush - Size 2,Adv Art 2,Blick Art Materials,"04321-1002",https://www.dickblick.com/items/blick-sumi-brush-size-2/,""
18,Blick Sumi Brush - Size 6,Brushes,Blick Sumi Brush - Size 6,Adv Art 2,Blick Art Materials,"04321-1006",https://www.dickblick.com/items/blick-sumi-brush-size-6/,""
19,Liquitex Basics Synth Brushes and Sets,Brushes,Liquitex Basics Synthetic Brushes - Class Pack of 96 | BLICK Art Materials,Art 2,Blick Art Materials,"04454-1096",https://www.dickblick.com/products/liquitex-basics-brushes/?fromSearch=%2Fsearch%2F%3Fsearchword%3D04454-1096&Item=04454-1096,Set with bigger brushes. Usually 1 or 2 of these will be good enough
19,Liquitex Basics Synth Brushes and Sets,Brushes,Liquitex Basics Synthetic Brushes - Class Pack of 96 | BLICK Art Materials,Art 4,Blick Art Materials,"04454-1096",https://www.dickblick.com/products/liquitex-basics-brushes/?fromSearch=%2Fsearch%2F%3Fsearchword%3D04454-1096&Item=04454-1096,Set with bigger brushes. Usually 1 or 2 of these will be good enough
19,Liquitex Basics Synth Brushes and Sets,Brushes,Liquitex Basics Synthetic Brushes - Class Pack of 96 | BLICK Art Materials,Art 1,Blick Art Materials,"04454-1096",https://www.dickblick.com/products/liquitex-basics-brushes/?fromSearch=%2Fsearch%2F%3Fsearchword%3D04454-1096&Item=04454-1096,Set with bigger brushes. Usually 1 or 2 of these will be good enough
19,Liquitex Basics Synth Brushes and Sets,Brushes,Liquitex Basics Synthetic Brushes - Class Pack of 96 | BLICK Art Materials,Adv Art 1,Blick Art Materials,"04454-1096",https://www.dickblick.com/products/liquitex-basics-brushes/?fromSearch=%2Fsearch%2F%3Fsearchword%3D04454-1096&Item=04454-1096,Set with bigger brushes. Usually 1 or 2 of these will be good enough
19,Liquitex Basics Synth Brushes and Sets,Brushes,Liquitex Basics Synthetic Brushes - Class Pack of 96 | BLICK Art Materials,Art 3,Blick Art Materials,"04454-1096",https://www.dickblick.com/products/liquitex-basics-brushes/?fromSearch=%2Fsearch%2F%3Fsearchword%3D04454-1096&Item=04454-1096,Set with bigger brushes. Usually 1 or 2 of these will be good enough
20,Liquitex Basics Synth Brushes - 5,Brushes,Liquitex Basics Synthetic Brushes - Set of 5 | BLICK Art Materials,Art 2,Blick Art Materials,"06551-1005",https://www.dickblick.com/items/liquitex-basics-brush-set-set-of-5/,Brush Set
20,Liquitex Basics Synth Brushes - 5,Brushes,Liquitex Basics Synthetic Brushes - Set of 5 | BLICK Art Materials,Art 4,Blick Art Materials,"06551-1005",https://www.dickblick.com/items/liquitex-basics-brush-set-set-of-5/,Brush Set
20,Liquitex Basics Synth Brushes - 5,Brushes,Liquitex Basics Synthetic Brushes - Set of 5 | BLICK Art Materials,Art 1,Blick Art Materials,"06551-1005",https://www.dickblick.com/items/liquitex-basics-brush-set-set-of-5/,Brush Set
20,Liquitex Basics Synth Brushes - 5,Brushes,Liquitex Basics Synthetic Brushes - Set of 5 | BLICK Art Materials,Adv Art 1,Blick Art Materials,"06551-1005",https://www.dickblick.com/items/liquitex-basics-brush-set-set-of-5/,Brush Set
20,Liquitex Basics Synth Brushes - 5,Brushes,Liquitex Basics Synthetic Brushes - Set of 5 | BLICK Art Materials,Art 3,Blick Art Materials,"06551-1005",https://www.dickblick.com/items/liquitex-basics-brush-set-set-of-5/,Brush Set
21,"Round, Short Handle, Size 0",Brushes,"Princeton Select Synthetic Brush - Round, Short Handle, Size 0",Adv Art 2,Blick Art Materials,"06389-1000",https://www.dickblick.com/products/princeton-select-series-3750-synthetic-brushes/?fromSearch=%2Fsearch%2F%3Fsearchword%3Dline+detail+brushes&Item=06389-1000,""
21,"Round, Short Handle, Size 0",Brushes,"Princeton Select Synthetic Brush - Round, Short Handle, Size 0",Drawing,Blick Art Materials,"06389-1000",https://www.dickblick.com/products/princeton-select-series-3750-synthetic-brushes/?fromSearch=%2Fsearch%2F%3Fsearchword%3Dline+detail+brushes&Item=06389-1000,""
22,"Round, Short Handle,  3/0",Brushes,"Princeton Select Synthetic Brush - Round, Short Handle, Size 3/0",Adv Art 2,Blick Art Materials,"06389-1030",https://www.dickblick.com/products/princeton-select-series-3750-synthetic-brushes/?fromSearch=%2Fsearch%2F%3Fsearchword%3Dline+detail+brushes&Item=06389-1030,""
22,"Round, Short Handle,  3/0",Brushes,"Princeton Select Synthetic Brush - Round, Short Handle, Size 3/0",Drawing,Blick Art Materials,"06389-1030",https://www.dickblick.com/products/princeton-select-series-3750-synthetic-brushes/?fromSearch=%2Fsearch%2F%3Fsearchword%3Dline+detail+brushes&Item=06389-1030,""
23,"Short Liner, Short Handle, 10/0",Brushes,"Princeton Select Synthetic Brush - Short Liner, Short Handle, Size 10/0",Adv Art 2,Blick Art Materials,"06391-7010",https://www.dickblick.com/products/princeton-select-series-3750-synthetic-brushes/?fromSearch=%2Fsearch%2F%3Fsearchword%3Dline+detail+brushes&Item=06391-7010,""
23,"Short Liner, Short Handle, 10/0",Brushes,"Princeton Select Synthetic Brush - Short Liner, Short Handle, Size 10/0",Drawing,Blick Art Materials,"06391-7010",https://www.dickblick.com/products/princeton-select-series-3750-synthetic-brushes/?fromSearch=%2Fsearch%2F%3Fsearchword%3Dline+detail+brushes&Item=06391-7010,""
24,"Short Liner, Short Handle, 18/0",Brushes,"Princeton Select Synthetic Brush - Short Liner, Short Handle, Size 18/0",Adv Art 2,Blick Art Materials,"06391-7018",https://www.dickblick.com/products/princeton-select-series-3750-synthetic-brushes/?fromSearch=%2Fsearch%2F%3Fsearchword%3Dline+detail+brushes&Item=06391-7018,""
24,"Short Liner, Short Handle, 18/0",Brushes,"Princeton Select Synthetic Brush - Short Liner, Short Handle, Size 18/0",Drawing,Blick Art Materials,"06391-7018",https://www.dickblick.com/products/princeton-select-series-3750-synthetic-brushes/?fromSearch=%2Fsearch%2F%3Fsearchword%3Dline+detail+brushes&Item=06391-7018,""
25,"Spotter, Short Handle, 5/0",Brushes,"Princeton Select Synthetic Brush - Spotter, Short Handle, 5/0",Adv Art 2,Blick Art Materials,"06376-7050",https://www.dickblick.com/products/princeton-select-series-3750-synthetic-brushes/?fromSearch=%2Fsearch%2F%3Fsearchword%3Dline+detail+brushes&Item=06376-7050,""
25,"Spotter, Short Handle, 5/0",Brushes,"Princeton Select Synthetic Brush - Spotter, Short Handle, 5/0",Drawing,Blick Art Materials,"06376-7050",https://www.dickblick.com/products/princeton-select-series-3750-synthetic-brushes/?fromSearch=%2Fsearch%2F%3Fsearchword%3Dline+detail+brushes&Item=06376-7050,""
26,Glazing Fan Brush,Brushes,Soft Fan Brush - 6 | Royal Langnickel,Ceramics,Trinity Ceramics,SKU: 6527,https://trinityceramic.com/product/r835-6/,""
27,Glazing Brush Set 72,Brushes,Various Glaze brush sizes - blue handle,Ceramics,Blick Art Materials,"06424-1729",https://www.dickblick.com/items/royal-langnickel-ceramic-classroom-brush-assortment-set-of-72/,""
28,Glazing Brush Set 60,Brushes,Various Glaze brush sizes - clear handle,Ceramics,Blick Art Materials,"05891-1049",https://www.dickblick.com/items/royal-langnickel-clear-choice-brush-set-soft-natural-ceramic-brushes-set-of-60-short-handle/,""
29,"32oz Mixing Containers",Ceramics,"32oz. Mixing Containers 36 Pack",AP3D,Amazon,Various,https://www.amazon.com/Custom-Shop-Graduated-Calibrated-Multiple/dp/B07XQJ9TR7/ref=sxin_17_pa_sp_search_thematic_sspa?content-id=amzn1.sym.3859b1f1-8b34-4d43-bd56-696bede8aa56%3Aamzn1.sym.3859b1f1-8b34-4d43-bd56-696bede8aa56&crid=1G2K1D5CII8ZW&cv_ct_cx=mixing%2Bcups%2B32%2Boz&keywords=mixing%2Bcups%2B32%2Boz&pd_rd_i=B07XQJ9TR7&pd_rd_r=2516e873-0fe1-4ced-8044-26008e5a28d0&pd_rd_w=6gnc9&pd_rd_wg=8RlTt&pf_rd_p=3859b1f1-8b34-4d43-bd56-696bede8aa56&pf_rd_r=4CYK0WV7BZYDD8PEPJQ1&qid=1775953584&sbo=RZvfv%2F%2FHxDF%2BO5021pAnSA%3D%3D&sprefix=mixing%2Bcups%2B32%2B%2Caps%2C144&sr=1-2-383bc08e-f3b5-4928-b079-a9607486ab19-spons&aref=hhnNcLezBr&sp_csd=d2lkZ2V0TmFtZT1zcF9zZWFyY2hfdGhlbWF0aWM&th=1,"for ceramics, mixing glazes etc."
29,"32oz Mixing Containers",Ceramics,"32oz. Mixing Containers 36 Pack",Ceramics,Amazon,Various,https://www.amazon.com/Custom-Shop-Graduated-Calibrated-Multiple/dp/B07XQJ9TR7/ref=sxin_17_pa_sp_search_thematic_sspa?content-id=amzn1.sym.3859b1f1-8b34-4d43-bd56-696bede8aa56%3Aamzn1.sym.3859b1f1-8b34-4d43-bd56-696bede8aa56&crid=1G2K1D5CII8ZW&cv_ct_cx=mixing%2Bcups%2B32%2Boz&keywords=mixing%2Bcups%2B32%2Boz&pd_rd_i=B07XQJ9TR7&pd_rd_r=2516e873-0fe1-4ced-8044-26008e5a28d0&pd_rd_w=6gnc9&pd_rd_wg=8RlTt&pf_rd_p=3859b1f1-8b34-4d43-bd56-696bede8aa56&pf_rd_r=4CYK0WV7BZYDD8PEPJQ1&qid=1775953584&sbo=RZvfv%2F%2FHxDF%2BO5021pAnSA%3D%3D&sprefix=mixing%2Bcups%2B32%2B%2Caps%2C144&sr=1-2-383bc08e-f3b5-4928-b079-a9607486ab19-spons&aref=hhnNcLezBr&sp_csd=d2lkZ2V0TmFtZT1zcF9zZWFyY2hfdGhlbWF0aWM&th=1,"for ceramics, mixing glazes etc."
30,"64oz Mixing Containers",Ceramics,"64oz. Mixing Containers 12 Pack ",AP3D,Amazon,Various,https://www.amazon.com/dp/B00A6DGE9C/ref=sspa_dk_detail_3?psc=1&pd_rd_i=B00A6DGE9C&pd_rd_w=HWlKf&content-id=amzn1.sym.613a5a0c-ad86-44dc-b9ed-5da62fb83b9e&pf_rd_p=613a5a0c-ad86-44dc-b9ed-5da62fb83b9e&pf_rd_r=ZTXHJ2G2VK9JCV6TV81B&pd_rd_wg=RckyE&pd_rd_r=17095dd1-4c9e-40c0-897e-ae9f5c2cfcab&sp_csd=d2lkZ2V0TmFtZT1zcF9kZXRhaWw,"for ceramics, mixing glazes etc."
30,"64oz Mixing Containers",Ceramics,"64oz. Mixing Containers 12 Pack ",Ceramics,Amazon,Various,https://www.amazon.com/dp/B00A6DGE9C/ref=sspa_dk_detail_3?psc=1&pd_rd_i=B00A6DGE9C&pd_rd_w=HWlKf&content-id=amzn1.sym.613a5a0c-ad86-44dc-b9ed-5da62fb83b9e&pf_rd_p=613a5a0c-ad86-44dc-b9ed-5da62fb83b9e&pf_rd_r=ZTXHJ2G2VK9JCV6TV81B&pd_rd_wg=RckyE&pd_rd_r=17095dd1-4c9e-40c0-897e-ae9f5c2cfcab&sp_csd=d2lkZ2V0TmFtZT1zcF9kZXRhaWw,"for ceramics, mixing glazes etc."
31,"8oz. Spray Bottle 4 pack",Ceramics,"8oz Spray Bottle 4 pack",AP3D,Amazon,Various,https://www.amazon.com/Pack-Empty-Plastic-Spray-Bottles/dp/B07MT4XK7K/ref=sr_1_1?dib=eyJ2IjoiMSJ9.RiWF93slaqbghiY4ANhbB8oIqDB4KMCYK74Iw0VuivKyjMLLaKQva15_LGjjO5DwLu8AbZUUCemRDOMQmiJifmF-jHBpsn-VU_HDm2QsURz1WGO7TxX274MZ1VgqYpgDxtB3xByyHbEJ4D27-5YMsOUyFXDRncJghnAZ6f_fTWXOUogxHDvx2SgYoy9GJpqc-Hh9cWavSAcPwm73KjU5nG9gEVQkBcp9uatYubsUVGTFdsh2Si5JFcAXGpxLd-BmoFOW27lZ_2eVSFy2jwD3BaG4d9xl46tVq-BebxNBKuk.t-fh71kmzK4zkX7HAKGw7OUSkVtVnrMUgiilbCK7LDQ&dib_tag=se&keywords=dilabee%2B4%2Bpack%2B8oz%2Bplastic%2Bspray%2Bbottle&qid=1775954000&sr=8-1&th=1,""
31,"8oz. Spray Bottle 4 pack",Ceramics,"8oz Spray Bottle 4 pack",Ceramics,Amazon,Various,https://www.amazon.com/Pack-Empty-Plastic-Spray-Bottles/dp/B07MT4XK7K/ref=sr_1_1?dib=eyJ2IjoiMSJ9.RiWF93slaqbghiY4ANhbB8oIqDB4KMCYK74Iw0VuivKyjMLLaKQva15_LGjjO5DwLu8AbZUUCemRDOMQmiJifmF-jHBpsn-VU_HDm2QsURz1WGO7TxX274MZ1VgqYpgDxtB3xByyHbEJ4D27-5YMsOUyFXDRncJghnAZ6f_fTWXOUogxHDvx2SgYoy9GJpqc-Hh9cWavSAcPwm73KjU5nG9gEVQkBcp9uatYubsUVGTFdsh2Si5JFcAXGpxLd-BmoFOW27lZ_2eVSFy2jwD3BaG4d9xl46tVq-BebxNBKuk.t-fh71kmzK4zkX7HAKGw7OUSkVtVnrMUgiilbCK7LDQ&dib_tag=se&keywords=dilabee%2B4%2Bpack%2B8oz%2Bplastic%2Bspray%2Bbottle&qid=1775954000&sr=8-1&th=1,""
37,"14in Pottery Wheel Bat",Ceramics,large bat for pottery wheel,Ceramics,Blick Art Materials,"30019-9014",https://www.dickblick.com/items/amaco-plasti-bat-with-pin-holes-14-round/,""
43,"12"" Metal Ruler",Class Supplies,"12"" Metal Ruler with cork backed",Whole Department,Blick Art Materials,"56009-1012",https://www.dickblick.com/items/blick-stainless-steel-ruler-12-cork-backed/,""
44,FIFO 16 oz. Squeeze Bottles,Class Supplies,"6 Pack FIFO 16 oz. Squeeze Bottles",Whole Department,Amazon,various,https://www.amazon.com/dp/B072K1SWND/?coliid=I2HR46UM78UTDN&colid=3VSHZ90G91VUB&psc=1&ref_=lv_ov_lig_dp_it,""
45,Armada Spring Scissors,Class Supplies,Armada Easy Spring Scissors,Partners Art,Blick Art Materials,"57083-1001",https://www.dickblick.com/items/armada-easy-spring-scissors/,""
46,Blick  Scissors,Class Supplies,"Bent Handle Soft Grip Blick Studio Multi-Purpose Scissors - 8-1/4"" ",Whole Department,Blick Art Materials,"86021-2021",https://www.dickblick.com/products/blick-studio-soft-grip-bent-scissors/,""
47,Blick  Scissors,Class Supplies,Blick Studio Multi-Purpose Scissors - 8-1/4,Whole Department,Blick Art Materials,"86021-2021",https://www.dickblick.com/items/blick-studio-multi-purpose-scissors-8-14/,""
48,"12"" Flexible Clear Ruler",Class Supplies,Flexible Clear ruler,Whole Department,Blick Art Materials,"55693-1012",https://www.dickblick.com/items/westcott-flexible-ruler-12-inch-metric/,""
49,Hot Glue Sticks 5lb Box,Class Supplies,"Hot Glue Gun refills 7/16"" x 4""",Whole Department,Blick Art Materials,"23604-1104",https://www.dickblick.com/items/surebonder-clear-stik-hot-glue-sticks-5-lb-716-x-4/,"7/16"" - Larger refill sticks"
51,Nitrile Exam Gloves Medium,Class Supplies,Latex Free Exam Gloves Medium,Whole Department,Amazon,Various,https://www.amazon.com/TITANflex-Disposable-Nitrile-Cooking-Mechanic/dp/B0BR7RY18Y/ref=sr_1_1?crid=3SO32B0B47ZEI&dib=eyJ2IjoiMSJ9.YUYWh2aKHRh5DF3nmIuENM_hHQG-YTe22BkiifKqW9fDmCCeuvwtRDEn8MD5M4yAmP7uVOIDQawSKxOMCTaH39SwiTOUTMVTaIju_J-kqizvxPMBMbUMo1vZwtJSbBn_E90dut5P_xA985IHumYp_2sIke5rP0lDC607GqjhL7AQWyBR2HyF3M8xGHu28I-AzuXPCbjC9BCxIDYqftr6dfMG8GTMl3UsHf9-FUZrrZk.7MO9o0JQeXbZLNLzGiaGvPec4HlNugNrnrnJBksUsz0&dib_tag=se&keywords=TitanFlex%2BDisposable%2BNitrile%2BExam%2BGloves%2C%2B6-mil%2C%2BBlack%2C%2BHeavy%2BDuty%2C%2BLatex%2BFree%2C%2BFood%2BSafe%2Bfor%2BCooking%2B%26%2BFood%2BPrep&nsdOptOutParam=true&qid=1775952909&sprefix=titanflex%2Bdisposable%2Bnitrile%2Bexam%2Bgloves%2C%2B6-mil%2C%2Bblack%2C%2Bheavy%2Bduty%2C%2Blatex%2Bfree%2C%2Bfood%2Bsafe%2Bfor%2Bcooking%2B%26%2Bfood%2Bprep%2Caps%2C150&sr=8-1&th=1,"if discontinued, find another brand"
52,Compass,Class Supplies,Orange Compass,Whole Department,Blick Art Materials,"55437-0000",https://www.dickblick.com/items/safe-t-safe-t-compass/,""
53,Construction Paper black 9x12 50 pack,Class Supplies,tru-ray black construction paper,Whole Department,Amazon,Various,https://www.amazon.com/Tru-Ray-Construction-9-Inches-12-Inches-103029/dp/B00008XPBI?ref_=ast_sto_dp,recommended brand
54,Construction Paper White 9x12 50 pack,Class Supplies,tru-ray white contstuction paper,Whole Department,Amazon,Various,https://www.amazon.com/Tru-Ray-Sulphite-Construction-Inches-Sheets/dp/B00008XPFZ/ref=pd_sbs_d_sccl_1_1/131-8089362-2164439?pd_rd_w=qSrvL&content-id=amzn1.sym.aa738fbd-ad05-4d11-aae2-04b598db6305&pf_rd_p=aa738fbd-ad05-4d11-aae2-04b598db6305&pf_rd_r=PF9S1R32KEZFFC184HSM&pd_rd_wg=fVX8D&pd_rd_r=0f6a210a-b0ca-42a1-ae84-b5edb9691373&pd_rd_i=B00008XPFZ&th=1,recommened brand
55,X-Acto Knife,Class Supplies,X-Acto Knife with cap,Whole Department,Blick Art Materials,"57445-1101",https://www.dickblick.com/items/x-acto-knife-1-with-cap/,""
56,Underglaze Pencil - Black,Clay,Amaco Underglaze Decorating Pencil - Black,Ceramics,Blick Art Materials,"30438-2020",https://www.dickblick.com/items/amaco-underglaze-decorating-pencil-black/,""
57,Pottery Wheel Bat Pins 1-1/4 inch,Clay,Bat Pins - 1-1/4 inch.,Ceramics,Amazon,various,https://www.amazon.com/LEOLIO-Stainless-Steel-Bat-Pins/dp/B0CQC96H2F/ref=pd_sbs_d_sccl_2_2/132-5454899-0031517?pd_rd_w=qm2Aw&content-id=amzn1.sym.aa738fbd-ad05-4d11-aae2-04b598db6305&pf_rd_p=aa738fbd-ad05-4d11-aae2-04b598db6305&pf_rd_r=TSQXDQZPQX5P7860NWKC&pd_rd_wg=ga6j0&pd_rd_r=9aa27e56-9751-4f89-aa46-3b446b980153&pd_rd_i=B0CQC96H2F&th=1,for the pottery wheels (Check size. Correct size is 1.25 inches in length)
58,Amaco Kiln Gloves,Clay,Kiln Gloves,Ceramics,Blick Art Materials,"01111-2254",https://www.dickblick.com/items/amaco-kiln-gloves-large-1-pair/,""
59,Underglaze - Spectrum Brand,Clay,Spectrum Underglazes,Ceramics,Blick Art Materials,various,https://www.dickblick.com/products/spectrum-underglazes/,""
61,White Stoneware No Grog,Clay,White Stoneware No Grog,Ceramics,Trinity Ceramics,SKU: 7116,https://trinityceramic.com/product/white-stoneware-no-grog-25-lb-bag-trinity-ceramic/,""
62,Scoring Tool,Clay Tools,Blick Scoring Tool,Ceramics,Blick Art Materials,"31163-1055",https://www.dickblick.com/items/art-alternatives-scratch-wire-brush-5-5-in-l/,""
63,BLUE 1 FIRM RIB,Clay Tools,Blue Plastic Kidney Rib,Ceramics,Trinity Ceramics,SKU: 5537,https://trinityceramic.com/product/blue-rib-1/,""
64,Metal Rib - Pointed Half Moon,Clay Tools,Half Moon shaped rib with pointed tip,Ceramics,Blick Art Materials,"31161-4001",https://www.dickblick.com/items/richeson-stainless-steel-scrapers-pointed-half-moon-2-x-4-58/,""
65,Metal Rib,Clay Tools,Metal Rib - also called flexible steel scraper,Ceramics,Trinity Ceramics,SKU: 971,https://trinityceramic.com/product/s3-x/,""
66,Pro Needle Tool,Clay Tools,Pro Needle Tool – PRO | Kemper (Blister Pack),Ceramics,Trinity Ceramics,SKU: 940,https://trinityceramic.com/product/pro/,""
67,FTB-X SCORING TOOL,Clay Tools,Scoring Tool,Ceramics,Trinity Ceramics,SKU: 770,https://trinityceramic.com/product/ftb-x-scoring/,""
68,R2-X 6″ RIBBON TOOL,Clay Tools,Trimming Tool,Ceramics,Trinity Ceramics,SKU: 948,https://trinityceramic.com/product/r2-x/,""
69,Foam Shapes - Assorted,Crafting,"Creativity Street WonderFoam Pieces - Assorted Colors and Shapes, 1/2 lb, Approx 3000 Pieces",Partners Art,Blick Art Materials,"60947-1005",https://www.dickblick.com/items/creativity-street-wonderfoam-pieces-assorted-colors-and-shapes-12-lb-approx-3000-pieces/,""
70,Foam Sheets - Assorted,Crafting,"Creativity Street WonderFoam Sheets - Assorted Colors, 9"" x 12"" Sheets, Pkg of 10",Partners Art,Blick Art Materials,"60947-1023",https://www.dickblick.com/items/creativity-street-wonderfoam-sheets-assorted-colors-9-x-12-sheets-pkg-of-10/,""
71,Crayola Broad Line Markers and Sets,Drawing,Crayola Broad Line Markers - Assorted Sets,Partners Art,Blick Art Materials,Various,https://www.dickblick.com/products/crayola-broad-line-markers/?Item=21218-1109,""
72,Posca Paint Markers Set,Drawing,Paint Markers Set,Partners Art,Blick Art Materials,"19994-1159",https://www.dickblick.com/items/uni-posca-paint-markers-basic-colors-set-of-15-bullet-tip-7-mm/,""
73,Prismacolor Pencils - Set of 24,Drawing,"Prismacolor Premier Colored Pencils - Set of 24, Assorted Colors",Whole Department,Blick Art Materials,"20508-0036",https://www.dickblick.com/products/prismacolor-premier-colored-pencils/?Item=20508-2409,""
74,Prismacolor Pencils - Portrait Set,Drawing,"Prismacolor Premier Colored Pencils - Set of 24, Portrait Colors",Adv Art 2,Blick Art Materials,"20586-0429",https://www.dickblick.com/products/prismacolor-premier-colored-pencils/?Item=20586-0249,""
74,Prismacolor Pencils - Portrait Set,Drawing,"Prismacolor Premier Colored Pencils - Set of 24, Portrait Colors",Drawing,Blick Art Materials,"20586-0429",https://www.dickblick.com/products/prismacolor-premier-colored-pencils/?Item=20586-0249,""
75,Brush Pens - Bright Colors,Drawing,"Tombow Dual Brush Pens - Set of 10, Bright Colors",Adv Art 2,Blick Art Materials,"21334-1179",https://www.dickblick.com/items/tombow-dual-brush-pens-bright-colors-set-of-10/,""
75,Brush Pens - Bright Colors,Drawing,"Tombow Dual Brush Pens - Set of 10, Bright Colors",Drawing,Blick Art Materials,"21334-1179",https://www.dickblick.com/items/tombow-dual-brush-pens-bright-colors-set-of-10/,""
76,Brush Pens - Grey Scale,Drawing,"Tombow Dual Brush Pens - Set of 10, Gray Scale Colors",Adv Art 2,Blick Art Materials,"21334-1159",https://www.dickblick.com/items/tombow-dual-brush-pens-grary-scale-colors-set-of-10/,""
76,Brush Pens - Grey Scale,Drawing,"Tombow Dual Brush Pens - Set of 10, Gray Scale Colors",Drawing,Blick Art Materials,"21334-1159",https://www.dickblick.com/items/tombow-dual-brush-pens-grary-scale-colors-set-of-10/,""
77,Brush Pens - Landscape Colors,Drawing,"Tombow Dual Brush Pens - Set of 10, Landscape Colors",Adv Art 2,Blick Art Materials,"21334-1139",https://www.dickblick.com/items/tombow-dual-brush-pens-landscape-colors-set-of-10/,""
77,Brush Pens - Landscape Colors,Drawing,"Tombow Dual Brush Pens - Set of 10, Landscape Colors",Drawing,Blick Art Materials,"21334-1139",https://www.dickblick.com/items/tombow-dual-brush-pens-landscape-colors-set-of-10/,""
78,Brush Pens - Potrait Colors,Drawing,"Tombow Dual Brush Pens - Set of 10, Portrait Colors",Adv Art 2,Blick Art Materials,"21334-1149",https://www.dickblick.com/items/tombow-dual-brush-pens-portrait-colors-set-of-10/,""
78,Brush Pens - Potrait Colors,Drawing,"Tombow Dual Brush Pens - Set of 10, Portrait Colors",Drawing,Blick Art Materials,"21334-1149",https://www.dickblick.com/items/tombow-dual-brush-pens-portrait-colors-set-of-10/,""
79,Brush Pens - Primary Colors,Drawing,"Tombow Dual Brush Pens - Set of 10, Primary Colors",Adv Art 2,Blick Art Materials,"21334-1119",https://www.dickblick.com/items/tombow-dual-brush-pens-primary-colors-set-of-10/,""
79,Brush Pens - Primary Colors,Drawing,"Tombow Dual Brush Pens - Set of 10, Primary Colors",Drawing,Blick Art Materials,"21334-1119",https://www.dickblick.com/items/tombow-dual-brush-pens-primary-colors-set-of-10/,""
80,Enkaustikos Cakes,Encaustics,Enkaustikos Hot Cakes Encaustic Paints and Sets,Drawing,Blick Art Materials,Various,https://www.dickblick.com/products/enkaustikos-hot-cakes-encaustic-wax-paints/?fromSearch=%2Fsearch%2F%3Fsearchword%3D01111-0029,""
81,Classroom Yarn Assortment,Fibers,Assorted Yarn - 5lb assorted colors,Art 2,Blick Art Materials,"65208-1005",https://www.dickblick.com/items/classroom-yarn-assortment-5-lb-assorted-colors/,""
81,Classroom Yarn Assortment,Fibers,Assorted Yarn - 5lb assorted colors,Art 4,Blick Art Materials,"65208-1005",https://www.dickblick.com/items/classroom-yarn-assortment-5-lb-assorted-colors/,""
81,Classroom Yarn Assortment,Fibers,Assorted Yarn - 5lb assorted colors,Adv Art 1,Blick Art Materials,"65208-1005",https://www.dickblick.com/items/classroom-yarn-assortment-5-lb-assorted-colors/,""
81,Classroom Yarn Assortment,Fibers,Assorted Yarn - 5lb assorted colors,Art 3,Blick Art Materials,"65208-1005",https://www.dickblick.com/items/classroom-yarn-assortment-5-lb-assorted-colors/,""
82,Tapestry Needles,Fibers,"Blunt Tapestry Needles, 12",Art 2,Blick Art Materials,"65104-1009",https://www.dickblick.com/products/needles/?fromSearch=%2Fsearch%2F%3Fsearchword%3D65104-1009,""
82,Tapestry Needles,Fibers,"Blunt Tapestry Needles, 12",Art 4,Blick Art Materials,"65104-1009",https://www.dickblick.com/products/needles/?fromSearch=%2Fsearch%2F%3Fsearchword%3D65104-1009,""
82,Tapestry Needles,Fibers,"Blunt Tapestry Needles, 12",Adv Art 1,Blick Art Materials,"65104-1009",https://www.dickblick.com/products/needles/?fromSearch=%2Fsearch%2F%3Fsearchword%3D65104-1009,""
82,Tapestry Needles,Fibers,"Blunt Tapestry Needles, 12",Art 3,Blick Art Materials,"65104-1009",https://www.dickblick.com/products/needles/?fromSearch=%2Fsearch%2F%3Fsearchword%3D65104-1009,""
83,Dritz Embroidery Needles - Size 3,Fibers,Embroidery Needles package of 3,Art 2,Blick Art Materials,"62430-1001",https://www.dickblick.com/products/dritz-embroidery-needles/?fromSearch=%2Fsearch%2F%3Fsearchword%3D62430-1001,""
83,Dritz Embroidery Needles - Size 3,Fibers,Embroidery Needles package of 3,Art 4,Blick Art Materials,"62430-1001",https://www.dickblick.com/products/dritz-embroidery-needles/?fromSearch=%2Fsearch%2F%3Fsearchword%3D62430-1001,""
83,Dritz Embroidery Needles - Size 3,Fibers,Embroidery Needles package of 3,Adv Art 1,Blick Art Materials,"62430-1001",https://www.dickblick.com/products/dritz-embroidery-needles/?fromSearch=%2Fsearch%2F%3Fsearchword%3D62430-1001,""
83,Dritz Embroidery Needles - Size 3,Fibers,Embroidery Needles package of 3,Art 3,Blick Art Materials,"62430-1001",https://www.dickblick.com/products/dritz-embroidery-needles/?fromSearch=%2Fsearch%2F%3Fsearchword%3D62430-1001,""
84,DMC Cotton Embroidery Floss,Fibers,embroidery thread,Whole Department,Blick Art Materials,various,https://www.dickblick.com/products/dmc-cotton-embroidery-floss/,""
85,Janlynn Embroidery Floss,Fibers,"Janlynn Embroidery Floss Pack, Primary, Pkg of 36",Art 2,Blick Art Materials,"73502-1036",https://www.dickblick.com/items/janlynn-embroidery-floss-pack-primary-pkg-of-36/,""
85,Janlynn Embroidery Floss,Fibers,"Janlynn Embroidery Floss Pack, Primary, Pkg of 36",Art 4,Blick Art Materials,"73502-1036",https://www.dickblick.com/items/janlynn-embroidery-floss-pack-primary-pkg-of-36/,""
85,Janlynn Embroidery Floss,Fibers,"Janlynn Embroidery Floss Pack, Primary, Pkg of 36",Adv Art 1,Blick Art Materials,"73502-1036",https://www.dickblick.com/items/janlynn-embroidery-floss-pack-primary-pkg-of-36/,""
85,Janlynn Embroidery Floss,Fibers,"Janlynn Embroidery Floss Pack, Primary, Pkg of 36",Art 3,Blick Art Materials,"73502-1036",https://www.dickblick.com/items/janlynn-embroidery-floss-pack-primary-pkg-of-36/,""
86,Weaving Needles Plastic,Fibers,"Plastic Weaving Needles, 12",Whole Department,Blick Art Materials,"65109-1009",https://www.dickblick.com/products/plastic-weaving-needles/?fromSearch=%2Fsearch%2F%3Fsearchword%3D65109-1009,""
87,Lacing Needles Plastic,Fibers,"Roylco Plastic Lacing Needles, 32",Whole Department,Blick Art Materials,"81339-1001",https://www.dickblick.com/products/roylco-plastic-lacing-needles/?fromSearch=%2Fsearch%2F%3Fsearchword%3D81339-1001,""
88,Leisure Arts Fiber-fil Poly Stuffing,Fibers,Stuffing,Whole Department,Blick Art Materials,various,https://www.dickblick.com/products/essentials-by-leisure-arts-fiber-fil/,""
89,Yautomo Nori Paste,Fixative,collage paste,AP2D,Blick Art Materials,"24000-1002",https://www.dickblick.com/items/yasutomo-nori-paste-10-oz-jar/,""
89,Yautomo Nori Paste,Fixative,collage paste,Drawing,Blick Art Materials,"24000-1002",https://www.dickblick.com/items/yasutomo-nori-paste-10-oz-jar/,""
90,Artist's Spray Adhesive,Fixative,Scotch Spray Mount Artist's Adhesive - 10.25 oz,AP2D,Blick Art Materials,"23706-1105",https://www.dickblick.com/items/3m-spray-mount-artists-adhesive-1025-oz/,""
90,Artist's Spray Adhesive,Fixative,Scotch Spray Mount Artist's Adhesive - 10.25 oz,Drawing,Blick Art Materials,"23706-1105",https://www.dickblick.com/items/3m-spray-mount-artists-adhesive-1025-oz/,""
91,Blick Matte Fixative - 12 oz,Fixative,Spray Fixative,AP2D,Blick Art Materials,"21707-1105",https://www.dickblick.com/items/blick-matte-fixative-12-oz/,""
91,Blick Matte Fixative - 12 oz,Fixative,Spray Fixative,Drawing,Blick Art Materials,"21707-1105",https://www.dickblick.com/items/blick-matte-fixative-12-oz/,""
92,Studio  Markers - Set Assorted Colors,Markers,"Blick Studio Brush Markers - Set of 24, Assorted Colors",AP2D,Blick Art Materials,"24532-1249",https://www.dickblick.com/items/blick-studio-brush-markers-assorted-colors-set-of-24/,""
92,Studio  Markers - Set Assorted Colors,Markers,"Blick Studio Brush Markers - Set of 24, Assorted Colors",Drawing,Blick Art Materials,"24532-1249",https://www.dickblick.com/items/blick-studio-brush-markers-assorted-colors-set-of-24/,""
93,Dual Brush Pens - Set,Markers,"Tombow Dual Brush Pens - Set of 54 with Case, Assorted Colors",AP2D,Blick Art Materials,"21334-1549",https://www.dickblick.com/items/tombow-dual-brush-pens-set-of-54-with-case/,""
93,Dual Brush Pens - Set,Markers,"Tombow Dual Brush Pens - Set of 54 with Case, Assorted Colors",Drawing,Blick Art Materials,"21334-1549",https://www.dickblick.com/items/tombow-dual-brush-pens-set-of-54-with-case/,""
94,Studio Acrylic - Titan White,Paint,"Blick Studio Acrylics - Pkg of 2, Titanium White, 4 oz tubes",AP2D,Blick Art Materials,"01637-1010",https://www.dickblick.com/items/blick-studio-acrylics-pkg-of-2-titanium-white-4-oz-tubes/,""
94,Studio Acrylic - Titan White,Paint,"Blick Studio Acrylics - Pkg of 2, Titanium White, 4 oz tubes",Drawing,Blick Art Materials,"01637-1010",https://www.dickblick.com/items/blick-studio-acrylics-pkg-of-2-titanium-white-4-oz-tubes/,""
95,Studio Acrylic - Set 12,Paint,"Blick Studio Acrylics - Set of 12 colors, 21 ml tubes",AP2D,Blick Art Materials,"01637-0129",https://www.dickblick.com/items/blick-studio-acrylics-set-of-12-colors-21-ml-tubes/,""
95,Studio Acrylic - Set 12,Paint,"Blick Studio Acrylics - Set of 12 colors, 21 ml tubes",Drawing,Blick Art Materials,"01637-0129",https://www.dickblick.com/items/blick-studio-acrylics-set-of-12-colors-21-ml-tubes/,""
96,Blickcrylic - Bright Red,Paint,"Blickrylic Student Acrylics - Bright Red, Half Gallon",Art 2,Blick Art Materials,"00711-3078",https://www.dickblick.com/items/blickrylic-student-acrylics-bright-red-half-gallon/,""
96,Blickcrylic - Bright Red,Paint,"Blickrylic Student Acrylics - Bright Red, Half Gallon",Art 4,Blick Art Materials,"00711-3078",https://www.dickblick.com/items/blickrylic-student-acrylics-bright-red-half-gallon/,""
96,Blickcrylic - Bright Red,Paint,"Blickrylic Student Acrylics - Bright Red, Half Gallon",Art 1,Blick Art Materials,"00711-3078",https://www.dickblick.com/items/blickrylic-student-acrylics-bright-red-half-gallon/,""
96,Blickcrylic - Bright Red,Paint,"Blickrylic Student Acrylics - Bright Red, Half Gallon",Art 3,Blick Art Materials,"00711-3078",https://www.dickblick.com/items/blickrylic-student-acrylics-bright-red-half-gallon/,""
97,Blickcrylic - Burnt Sienna,Paint,"Blickrylic Student Acrylics - Burnt Sienna, Half Gallon",Art 2,Blick Art Materials,"00711-8048",https://www.dickblick.com/items/blickrylic-student-acrylics-burnt-sienna-half-gallon/,""
97,Blickcrylic - Burnt Sienna,Paint,"Blickrylic Student Acrylics - Burnt Sienna, Half Gallon",Art 4,Blick Art Materials,"00711-8048",https://www.dickblick.com/items/blickrylic-student-acrylics-burnt-sienna-half-gallon/,""
97,Blickcrylic - Burnt Sienna,Paint,"Blickrylic Student Acrylics - Burnt Sienna, Half Gallon",Art 1,Blick Art Materials,"00711-8048",https://www.dickblick.com/items/blickrylic-student-acrylics-burnt-sienna-half-gallon/,""
97,Blickcrylic - Burnt Sienna,Paint,"Blickrylic Student Acrylics - Burnt Sienna, Half Gallon",Art 3,Blick Art Materials,"00711-8048",https://www.dickblick.com/items/blickrylic-student-acrylics-burnt-sienna-half-gallon/,""
98,Blickcrylic - Burnt Umber,Paint,"Blickrylic Student Acrylics - Burnt Umber, Half Gallon",Art 2,Blick Art Materials,"00711-8058",https://www.dickblick.com/items/blickrylic-student-acrylics-burnt-umber-half-gallon/,""
98,Blickcrylic - Burnt Umber,Paint,"Blickrylic Student Acrylics - Burnt Umber, Half Gallon",Art 4,Blick Art Materials,"00711-8058",https://www.dickblick.com/items/blickrylic-student-acrylics-burnt-umber-half-gallon/,""
98,Blickcrylic - Burnt Umber,Paint,"Blickrylic Student Acrylics - Burnt Umber, Half Gallon",Art 1,Blick Art Materials,"00711-8058",https://www.dickblick.com/items/blickrylic-student-acrylics-burnt-umber-half-gallon/,""
98,Blickcrylic - Burnt Umber,Paint,"Blickrylic Student Acrylics - Burnt Umber, Half Gallon",Art 3,Blick Art Materials,"00711-8058",https://www.dickblick.com/items/blickrylic-student-acrylics-burnt-umber-half-gallon/,""
99,Blickcrylic - Magenta,Paint,"Blickrylic Student Acrylics - Magenta, Half Gallon",Art 2,Blick Art Materials,"00711-3048",https://www.dickblick.com/items/blickrylic-student-acrylics-magenta-half-gallon/,""
99,Blickcrylic - Magenta,Paint,"Blickrylic Student Acrylics - Magenta, Half Gallon",Art 4,Blick Art Materials,"00711-3048",https://www.dickblick.com/items/blickrylic-student-acrylics-magenta-half-gallon/,""
99,Blickcrylic - Magenta,Paint,"Blickrylic Student Acrylics - Magenta, Half Gallon",Art 1,Blick Art Materials,"00711-3048",https://www.dickblick.com/items/blickrylic-student-acrylics-magenta-half-gallon/,""
99,Blickcrylic - Magenta,Paint,"Blickrylic Student Acrylics - Magenta, Half Gallon",Art 3,Blick Art Materials,"00711-3048",https://www.dickblick.com/items/blickrylic-student-acrylics-magenta-half-gallon/,""
100,Blickcrylic - Mars Black,Paint,"Blickrylic Student Acrylics - Mars Black, Half Gallon",Art 2,Blick Art Materials,"00711-2048",https://www.dickblick.com/items/blickrylic-student-acrylics-mars-black-half-gallon/,""
100,Blickcrylic - Mars Black,Paint,"Blickrylic Student Acrylics - Mars Black, Half Gallon",Art 4,Blick Art Materials,"00711-2048",https://www.dickblick.com/items/blickrylic-student-acrylics-mars-black-half-gallon/,""
100,Blickcrylic - Mars Black,Paint,"Blickrylic Student Acrylics - Mars Black, Half Gallon",Art 1,Blick Art Materials,"00711-2048",https://www.dickblick.com/items/blickrylic-student-acrylics-mars-black-half-gallon/,""
100,Blickcrylic - Mars Black,Paint,"Blickrylic Student Acrylics - Mars Black, Half Gallon",Art 3,Blick Art Materials,"00711-2048",https://www.dickblick.com/items/blickrylic-student-acrylics-mars-black-half-gallon/,""
101,Blickcrylic - Primary Blue,Paint,"Blickrylic Student Acrylics - Primary Blue, Half Gallon",Art 2,Blick Art Materials,"00711-5018",https://www.dickblick.com/items/blickrylic-student-acrylics-primary-blue-half-gallon/,""
101,Blickcrylic - Primary Blue,Paint,"Blickrylic Student Acrylics - Primary Blue, Half Gallon",Art 4,Blick Art Materials,"00711-5018",https://www.dickblick.com/items/blickrylic-student-acrylics-primary-blue-half-gallon/,""
101,Blickcrylic - Primary Blue,Paint,"Blickrylic Student Acrylics - Primary Blue, Half Gallon",Art 1,Blick Art Materials,"00711-5018",https://www.dickblick.com/items/blickrylic-student-acrylics-primary-blue-half-gallon/,""
101,Blickcrylic - Primary Blue,Paint,"Blickrylic Student Acrylics - Primary Blue, Half Gallon",Art 3,Blick Art Materials,"00711-5018",https://www.dickblick.com/items/blickrylic-student-acrylics-primary-blue-half-gallon/,""
102,Blickcrylic - Primary Yellow,Paint,"Blickrylic Student Acrylics - Primary Yellow, Half Gallon",Art 2,Blick Art Materials,"00711-4018",https://www.dickblick.com/items/blickrylic-student-acrylics-primary-yellow-half-gallon/,""
102,Blickcrylic - Primary Yellow,Paint,"Blickrylic Student Acrylics - Primary Yellow, Half Gallon",Art 4,Blick Art Materials,"00711-4018",https://www.dickblick.com/items/blickrylic-student-acrylics-primary-yellow-half-gallon/,""
102,Blickcrylic - Primary Yellow,Paint,"Blickrylic Student Acrylics - Primary Yellow, Half Gallon",Art 1,Blick Art Materials,"00711-4018",https://www.dickblick.com/items/blickrylic-student-acrylics-primary-yellow-half-gallon/,""
102,Blickcrylic - Primary Yellow,Paint,"Blickrylic Student Acrylics - Primary Yellow, Half Gallon",Art 3,Blick Art Materials,"00711-4018",https://www.dickblick.com/items/blickrylic-student-acrylics-primary-yellow-half-gallon/,""
103,Blickcrylic - Titanium Wht,Paint,"Blickrylic Student Acrylics - Titanium White, Half Gallon",Art 2,Blick Art Materials,"00711-1118",https://www.dickblick.com/items/blickrylic-student-acrylics-titanium-white-half-gallon/,""
103,Blickcrylic - Titanium Wht,Paint,"Blickrylic Student Acrylics - Titanium White, Half Gallon",Art 4,Blick Art Materials,"00711-1118",https://www.dickblick.com/items/blickrylic-student-acrylics-titanium-white-half-gallon/,""
103,Blickcrylic - Titanium Wht,Paint,"Blickrylic Student Acrylics - Titanium White, Half Gallon",Art 1,Blick Art Materials,"00711-1118",https://www.dickblick.com/items/blickrylic-student-acrylics-titanium-white-half-gallon/,""
103,Blickcrylic - Titanium Wht,Paint,"Blickrylic Student Acrylics - Titanium White, Half Gallon",Art 3,Blick Art Materials,"00711-1118",https://www.dickblick.com/items/blickrylic-student-acrylics-titanium-white-half-gallon/,""
104,Blickcrylic - Raw Sienna,Paint,"Blickrylic Student Acrylics -Raw Sienna, Half Gallon",Art 2,Blick Art Materials,"00711-8068",https://www.dickblick.com/products/blickrylic-student-acrylics/?Item=00711-8068,""
104,Blickcrylic - Raw Sienna,Paint,"Blickrylic Student Acrylics -Raw Sienna, Half Gallon",Art 4,Blick Art Materials,"00711-8068",https://www.dickblick.com/products/blickrylic-student-acrylics/?Item=00711-8068,""
104,Blickcrylic - Raw Sienna,Paint,"Blickrylic Student Acrylics -Raw Sienna, Half Gallon",Art 1,Blick Art Materials,"00711-8068",https://www.dickblick.com/products/blickrylic-student-acrylics/?Item=00711-8068,""
104,Blickcrylic - Raw Sienna,Paint,"Blickrylic Student Acrylics -Raw Sienna, Half Gallon",Art 3,Blick Art Materials,"00711-8068",https://www.dickblick.com/products/blickrylic-student-acrylics/?Item=00711-8068,""
105,Chromacryl - Black,Paint,"Chromacryl Students' Acrylics - Black, 64 oz bottle",Adv Art 1,Blick Art Materials,"00709-2008",https://www.dickblick.com/items/chromacryl-students-acrylics-black-64-oz-bottle/,""
105,Chromacryl - Black,Paint,"Chromacryl Students' Acrylics - Black, 64 oz bottle",Adv Art 2,Blick Art Materials,"00709-2008",https://www.dickblick.com/items/chromacryl-students-acrylics-black-64-oz-bottle/,""
106,Chromacryl - Blockout White,Paint,"Chromacryl Students' Acrylics - Blockout White, 1/2 Gallon",Adv Art 1,Blick Art Materials,"00709-1028",https://www.dickblick.com/products/chromacryl-students-acrylics/?Item=00709-1026,""
106,Chromacryl - Blockout White,Paint,"Chromacryl Students' Acrylics - Blockout White, 1/2 Gallon",Adv Art 2,Blick Art Materials,"00709-1028",https://www.dickblick.com/products/chromacryl-students-acrylics/?Item=00709-1026,""
107,Chromacryl - Burnt Sienna,Paint,"Chromacryl Students' Acrylics - Burnt Sienna, 64 oz bottle",Adv Art 1,Blick Art Materials,"00709-8048",https://www.dickblick.com/products/chromacryl-students-acrylics/?Item=00709-8048,""
107,Chromacryl - Burnt Sienna,Paint,"Chromacryl Students' Acrylics - Burnt Sienna, 64 oz bottle",Adv Art 2,Blick Art Materials,"00709-8048",https://www.dickblick.com/products/chromacryl-students-acrylics/?Item=00709-8048,""
108,Chromacryl - Burnt Umber,Paint,"Chromacryl Students' Acrylics - Burnt Umber, 64 oz bottle",Adv Art 1,Blick Art Materials,"00709-8058",https://www.dickblick.com/products/chromacryl-students-acrylics/?Item=00709-8058,""
108,Chromacryl - Burnt Umber,Paint,"Chromacryl Students' Acrylics - Burnt Umber, 64 oz bottle",Adv Art 2,Blick Art Materials,"00709-8058",https://www.dickblick.com/products/chromacryl-students-acrylics/?Item=00709-8058,""
109,Chromacryl - Cool Blue,Paint,"Chromacryl Students' Acrylics - Cool Blue, 64 oz tube",Adv Art 1,Blick Art Materials,"00709-5628",https://www.dickblick.com/items/chromacryl-students-acrylics-cool-blue-64-oz-tube/,""
109,Chromacryl - Cool Blue,Paint,"Chromacryl Students' Acrylics - Cool Blue, 64 oz tube",Adv Art 2,Blick Art Materials,"00709-5628",https://www.dickblick.com/items/chromacryl-students-acrylics-cool-blue-64-oz-tube/,""
110,Chromacryl - Cool Red,Paint,"Chromacryl Students' Acrylics - Cool Red, 64 oz bottle",Adv Art 1,Blick Art Materials,"00709-3718",https://www.dickblick.com/items/chromacryl-students-acrylics-cool-red-64-oz-bottle/,""
110,Chromacryl - Cool Red,Paint,"Chromacryl Students' Acrylics - Cool Red, 64 oz bottle",Adv Art 2,Blick Art Materials,"00709-3718",https://www.dickblick.com/items/chromacryl-students-acrylics-cool-red-64-oz-bottle/,""
111,Chromacryl - Cool Yellow,Paint,"Chromacryl Students' Acrylics - Cool Yellow, 64 oz bottle",Adv Art 1,Blick Art Materials,"00709-4478",https://www.dickblick.com/items/chromacryl-students-acrylics-cool-yellow-64-oz-bottle/,""
111,Chromacryl - Cool Yellow,Paint,"Chromacryl Students' Acrylics - Cool Yellow, 64 oz bottle",Adv Art 2,Blick Art Materials,"00709-4478",https://www.dickblick.com/items/chromacryl-students-acrylics-cool-yellow-64-oz-bottle/,""
112,Chromacryl - Warm Blue,Paint,"Chromacryl Students' Acrylics - Warm Blue, 64 oz bottle",Adv Art 1,Blick Art Materials,"00709-5508",https://www.dickblick.com/items/chromacryl-students-acrylics-warm-blue-64-oz-bottle/,""
112,Chromacryl - Warm Blue,Paint,"Chromacryl Students' Acrylics - Warm Blue, 64 oz bottle",Adv Art 2,Blick Art Materials,"00709-5508",https://www.dickblick.com/items/chromacryl-students-acrylics-warm-blue-64-oz-bottle/,""
113,Chromacryl - Warm Red,Paint,"Chromacryl Students' Acrylics - Warm Red, 64 oz bottle",Adv Art 1,Blick Art Materials,"00709-3728",https://www.dickblick.com/items/chromacryl-students-acrylics-warm-red-64-oz-bottle/,""
113,Chromacryl - Warm Red,Paint,"Chromacryl Students' Acrylics - Warm Red, 64 oz bottle",Adv Art 2,Blick Art Materials,"00709-3728",https://www.dickblick.com/items/chromacryl-students-acrylics-warm-red-64-oz-bottle/,""
114,Chromacryl - Warm Yellow,Paint,"Chromacryl Students' Acrylics - Warm Yellow, 64 oz bottle",Adv Art 1,Blick Art Materials,"00709-4428",https://www.dickblick.com/items/chromacryl-students-acrylics-warm-yellow-64-oz-bottle/,""
114,Chromacryl - Warm Yellow,Paint,"Chromacryl Students' Acrylics - Warm Yellow, 64 oz bottle",Adv Art 2,Blick Art Materials,"00709-4428",https://www.dickblick.com/items/chromacryl-students-acrylics-warm-yellow-64-oz-bottle/,""
115,Chromacryl - White,Paint,"Chromacryl Students' Acrylics - White, 64 oz bottle",Adv Art 1,Blick Art Materials,"00709-1008",https://www.dickblick.com/products/chromacryl-students-acrylics/?Item=00709-1008,""
115,Chromacryl - White,Paint,"Chromacryl Students' Acrylics - White, 64 oz bottle",Adv Art 2,Blick Art Materials,"00709-1008",https://www.dickblick.com/products/chromacryl-students-acrylics/?Item=00709-1008,""
116,Chromacryl - Yellow Oxide,Paint,"Chromacryl Students' Acrylics - Yellow Oxide, 64 oz bottle",Adv Art 1,Blick Art Materials,"00709-4118",https://www.dickblick.com/items/chromacryl-students-acrylics-yellow-oxide-64-oz-bottle/,""
116,Chromacryl - Yellow Oxide,Paint,"Chromacryl Students' Acrylics - Yellow Oxide, 64 oz bottle",Adv Art 2,Blick Art Materials,"00709-4118",https://www.dickblick.com/items/chromacryl-students-acrylics-yellow-oxide-64-oz-bottle/,""
117,Liquitex Fluorescent Paint,Paint,"Liquitex Basics Acrylic Paints - Set of 6 Fluorescent, 22 ml",AP2D,Blick Art Materials,"00717-0609",https://www.dickblick.com/items/liquitex-basics-acrylic-set-set-of-6-fluorescent-75-oz-tubes/,""
117,Liquitex Fluorescent Paint,Paint,"Liquitex Basics Acrylic Paints - Set of 6 Fluorescent, 22 ml",Drawing,Blick Art Materials,"00717-0609",https://www.dickblick.com/items/liquitex-basics-acrylic-set-set-of-6-fluorescent-75-oz-tubes/,""
118,Liquitex Metallic Paint,Paint,"Liquitex Basics Acrylic Paints - Set of 6, Metallic and Iridescent, 22 ml",AP2D,Blick Art Materials,"00717-0619",https://www.dickblick.com/items/liquitex-basics-acrylic-set-set-of-6-metallic-75-oz-tubes/,""
118,Liquitex Metallic Paint,Paint,"Liquitex Basics Acrylic Paints - Set of 6, Metallic and Iridescent, 22 ml",Drawing,Blick Art Materials,"00717-0619",https://www.dickblick.com/items/liquitex-basics-acrylic-set-set-of-6-metallic-75-oz-tubes/,""
119,W&N Slow Dry Medium,Paint,Winsor & Newton Artists' Acrylic Slow Drying Medium,AP2D,Blick Art Materials,"02022-3001",https://www.dickblick.com/products/winsor-newton-artists-acrylic-slow-drying-medium/?fromSearch=%2Fsearch%2F%3Fsearchword%3D02022-3001,""
119,W&N Slow Dry Medium,Paint,Winsor & Newton Artists' Acrylic Slow Drying Medium,Drawing,Blick Art Materials,"02022-3001",https://www.dickblick.com/products/winsor-newton-artists-acrylic-slow-drying-medium/?fromSearch=%2Fsearch%2F%3Fsearchword%3D02022-3001,""
120,Canvas Packs,Painting,Blick Academic Canvas 2-Packs,Whole Department,Blick Art Materials,various,https://www.dickblick.com/products/blick-academic-cotton-canvas-packs/?fromSearch=%2Fsearch%2F%3Fsearchword%3D07167-1620,""
121,Canvas 16 x 20,Painting,"Blick Academic Cotton Stretched Canvas Pack - 16"" x 20"", Pkg of 2",Whole Department,Blick Art Materials,"07167-1620",https://www.dickblick.com/items/blick-academic-cotton-stretched-canvas-16-x-20-pkg-of-2/,""
122,Oil and Acrylic Pad Sheets,Painting,"Canson XL Oil and Acrylic Pad - 11"" x 14"", 24 Sheets",Whole Department,Blick Art Materials,"34920-1063",https://www.dickblick.com/items/canson-xl-oil-acrylic-pad-11-x-14-24-sheets/,""
123,Watercolor Pan Set - Square,Painting,"Prang Semi-Moist Watercolor Paint - Square Pans, Assorted, Set of 16",Whole Department,Blick Art Materials,"00305-1008",https://www.dickblick.com/items/prang-watercolor-pans-square-assorted-set-of-16-colors/,""
124,Watercolor Pan Set - Oval,Painting,"Prang Watercolor Pans - Oval, Assorted, Set of 16 colors",Whole Department,Blick Art Materials,"00305-1009",https://www.dickblick.com/items/prang-watercolor-pans-oval-assorted-set-of-16-colors/,""
125,Disposable Palette Paper,Painting,"Richeson Disposable Palette Paper Bulk Pack - 11"" x 14"" pkg of 1400",Whole Department,Blick Art Materials,"03513-1005",https://www.dickblick.com/items/richeson-disposable-palette-paper-bulk-pack-11-x-14-pkg-of-1400/,""
126,Blick Unprimed Cotton Canvas,Painting,"Unprimed Canvas by the yard - 7oz 72""",Art 2,Blick Art Materials,"07334-1772",https://www.dickblick.com/items/blick-cotton-canvas-by-the-yard-7-oz-unprimed-72/,""
126,Blick Unprimed Cotton Canvas,Painting,"Unprimed Canvas by the yard - 7oz 72""",Art 4,Blick Art Materials,"07334-1772",https://www.dickblick.com/items/blick-cotton-canvas-by-the-yard-7-oz-unprimed-72/,""
126,Blick Unprimed Cotton Canvas,Painting,"Unprimed Canvas by the yard - 7oz 72""",Adv Art 1,Blick Art Materials,"07334-1772",https://www.dickblick.com/items/blick-cotton-canvas-by-the-yard-7-oz-unprimed-72/,""
126,Blick Unprimed Cotton Canvas,Painting,"Unprimed Canvas by the yard - 7oz 72""",Art 3,Blick Art Materials,"07334-1772",https://www.dickblick.com/items/blick-cotton-canvas-by-the-yard-7-oz-unprimed-72/,""
127,Watercolor Paper 90b - 18 x 24 ,Paper,"Blick Essentials Watercolor Pad - 18"" x 24"", 90 lb, Tapebound, 15 Sheets",Whole Department,Blick Art Materials,"10180-1009",https://www.dickblick.com/items/blick-essentials-watercolor-pad-18-x-24-90-lb-tapebound-15-sheets/,""
128,Watercolor Paper 140lb - 18 x 24 ,Paper,"Blick Studio Watercolor Pad - 18"" x 24"", 140 lb, Tapebound, 15 Sheets",AP2D,Blick Art Materials,"10180-1209",https://www.dickblick.com/items/blick-studio-watercolor-pad-18-x-24-140-lb-tapebound-15-sheets/,""
128,Watercolor Paper 140lb - 18 x 24 ,Paper,"Blick Studio Watercolor Pad - 18"" x 24"", 140 lb, Tapebound, 15 Sheets",Drawing,Blick Art Materials,"10180-1209",https://www.dickblick.com/items/blick-studio-watercolor-pad-18-x-24-140-lb-tapebound-15-sheets/,""
129,Black Mat Board,Paper,"Crescent Bulk Matboards - Black, 32"" x 40"", Pkg of 25",Whole Department,Blick Art Materials,"13046-2020",https://www.dickblick.com/items/crescent-bulk-matboards-black-32-x-40-pkg-of-25/,""
130,White Mat Board,Paper,"Crescent Bulk Matboards - White, 32"" x 40"", Pkg of 25",Whole Department,Blick Art Materials,"13046-1020",https://www.dickblick.com/items/crescent-bulk-matboards-white-32-x-40-pkg-of-25/,""
131,Yupo Watercolor Paper,Paper,"Yupo Synthetic Paper, Single Sheet, ",Adv Art 2,Blick Art Materials,"10067-1031",https://www.dickblick.com/products/legion-yupo-synthetic-paper-sheets-and-rolls/,""
131,Yupo Watercolor Paper,Paper,"Yupo Synthetic Paper, Single Sheet, ",AP2D,Blick Art Materials,"10067-1031",https://www.dickblick.com/products/legion-yupo-synthetic-paper-sheets-and-rolls/,""
131,Yupo Watercolor Paper,Paper,"Yupo Synthetic Paper, Single Sheet, ",Drawing,Blick Art Materials,"10067-1031",https://www.dickblick.com/products/legion-yupo-synthetic-paper-sheets-and-rolls/,""
132,Blue Lino Cut Sheets 5 x 7,Printmaking,"Blick Blue Easy-To-Cut - Sheet, 5"" x 7""",Adv Art 1,Blick Art Materials,"40420-1057",https://www.dickblick.com/items/blick-blue-easy-to-cut-sheet-5-x-7/,""
132,Blue Lino Cut Sheets 5 x 7,Printmaking,"Blick Blue Easy-To-Cut - Sheet, 5"" x 7""",Adv Art 2,Blick Art Materials,"40420-1057",https://www.dickblick.com/items/blick-blue-easy-to-cut-sheet-5-x-7/,""
133,Block Print Ink - Black,Printmaking,"Blick Water-Soluble Block Printing Ink - Black, 5 oz Tube",Adv Art 1,Blick Art Materials,"40305-2007",https://www.dickblick.com/items/blick-water-soluble-block-printing-ink-black-5-oz-tube/,""
133,Block Print Ink - Black,Printmaking,"Blick Water-Soluble Block Printing Ink - Black, 5 oz Tube",Adv Art 2,Blick Art Materials,"40305-2007",https://www.dickblick.com/items/blick-water-soluble-block-printing-ink-black-5-oz-tube/,""
134,Block Print Ink - Gold,Printmaking,"Blick Water-Soluble Block Printing Ink - Gold, 8 oz Jar",Adv Art 1,Blick Art Materials,"40305-4055",https://www.dickblick.com/items/blick-water-soluble-block-printing-ink-gold-8-oz-jar/,""
134,Block Print Ink - Gold,Printmaking,"Blick Water-Soluble Block Printing Ink - Gold, 8 oz Jar",Adv Art 2,Blick Art Materials,"40305-4055",https://www.dickblick.com/items/blick-water-soluble-block-printing-ink-gold-8-oz-jar/,""
135,Lino Cut Set No. 1 V-Gouge,Printmaking,"Speedball Linoleum Cutter - Pkg of 12, No. 1 Small V",Adv Art 1,Blick Art Materials,"40203-1212",https://www.dickblick.com/items/speedball-linoleum-cutter-pkg-of-12-no-1-small-v/,""
135,Lino Cut Set No. 1 V-Gouge,Printmaking,"Speedball Linoleum Cutter - Pkg of 12, No. 1 Small V",Adv Art 2,Blick Art Materials,"40203-1212",https://www.dickblick.com/items/speedball-linoleum-cutter-pkg-of-12-no-1-small-v/,""
136,Lino Cut Set No. 2 V-Gouge,Printmaking,"Speedball Linoleum Cutter - Pkg of 12, No. 2 Large V",Adv Art 1,Blick Art Materials,"40203-1412",https://www.dickblick.com/items/speedball-linoleum-cutter-pkg-of-12-no-2-large-v/,""
136,Lino Cut Set No. 2 V-Gouge,Printmaking,"Speedball Linoleum Cutter - Pkg of 12, No. 2 Large V",Adv Art 2,Blick Art Materials,"40203-1412",https://www.dickblick.com/items/speedball-linoleum-cutter-pkg-of-12-no-2-large-v/,""
137,Lino Cut Set No. 3 U-Gouge,Printmaking,"Speedball Linoleum Cutter - Pkg of 12, No. 3 Small U Gouge",Adv Art 1,Blick Art Materials,"40203-1312",https://www.dickblick.com/items/speedball-linoleum-cutter-pkg-of-12-no-3-small-u-gouge/,""
137,Lino Cut Set No. 3 U-Gouge,Printmaking,"Speedball Linoleum Cutter - Pkg of 12, No. 3 Small U Gouge",Adv Art 2,Blick Art Materials,"40203-1312",https://www.dickblick.com/items/speedball-linoleum-cutter-pkg-of-12-no-3-small-u-gouge/,""
138,Lino Cut Set No. 5 U-Gouge,Printmaking,"Speedball Linoleum Cutter - Pkg of 12, No. 5 Large U-Gouge",Adv Art 1,Blick Art Materials,"40203-1012",https://www.dickblick.com/items/speedball-linoleum-cutter-pkg-of-12-no-5-large-u-gouge/,""
138,Lino Cut Set No. 5 U-Gouge,Printmaking,"Speedball Linoleum Cutter - Pkg of 12, No. 5 Large U-Gouge",Adv Art 2,Blick Art Materials,"40203-1012",https://www.dickblick.com/items/speedball-linoleum-cutter-pkg-of-12-no-5-large-u-gouge/,""
139,Lino Cutter Handles,Printmaking,"Speedball Linoleum Cutter Handles - Box of 12, Assorted Colors",Adv Art 1,Blick Art Materials,"40201-1009",https://www.dickblick.com/items/speedball-linoleum-cutter-handles-box-of-12-assorted-colors/,""
139,Lino Cutter Handles,Printmaking,"Speedball Linoleum Cutter Handles - Box of 12, Assorted Colors",Adv Art 2,Blick Art Materials,"40201-1009",https://www.dickblick.com/items/speedball-linoleum-cutter-handles-box-of-12-assorted-colors/,""
140,Lino Cutter No. 1 - set,Printmaking,"Speedball Linoleum Cutters - Lino Cutter No. 1, Set of 5 Cutters",Adv Art 1,Blick Art Materials,"40203-1019",https://www.dickblick.com/items/speedball-lino-set-no-1-without-handle/,""
140,Lino Cutter No. 1 - set,Printmaking,"Speedball Linoleum Cutters - Lino Cutter No. 1, Set of 5 Cutters",Adv Art 2,Blick Art Materials,"40203-1019",https://www.dickblick.com/items/speedball-lino-set-no-1-without-handle/,""
141,Block Pring Ink - Proc Cyan,Printmaking,"Speedball Water-Soluble Block Printing Ink - Process Cyan, 5 oz",Adv Art 1,Blick Art Materials,"40303-5512",https://www.dickblick.com/products/speedball-water-soluble-block-printing-inks/?fromSearch=%2Fsearch%2F%3Fsearchword%3Dprocess+yellow+ink&Item=40303-5512,""
141,Block Pring Ink - Proc Cyan,Printmaking,"Speedball Water-Soluble Block Printing Ink - Process Cyan, 5 oz",Adv Art 2,Blick Art Materials,"40303-5512",https://www.dickblick.com/products/speedball-water-soluble-block-printing-inks/?fromSearch=%2Fsearch%2F%3Fsearchword%3Dprocess+yellow+ink&Item=40303-5512,""
142,Block Print Ink - Proc Magenta,Printmaking,"Speedball Water-Soluble Block Printing Ink - Process Magenta, 5 oz",Adv Art 1,Blick Art Materials,"40303-3712",https://www.dickblick.com/products/speedball-water-soluble-block-printing-inks/?Item=40303-3712,""
142,Block Print Ink - Proc Magenta,Printmaking,"Speedball Water-Soluble Block Printing Ink - Process Magenta, 5 oz",Adv Art 2,Blick Art Materials,"40303-3712",https://www.dickblick.com/products/speedball-water-soluble-block-printing-inks/?Item=40303-3712,""
143,Block Print Ink - Proc Yellow,Printmaking,"Speedball Water-Soluble Block Printing Ink - Process Yellow, 5 oz",Adv Art 1,Blick Art Materials,"40303-4402",https://www.dickblick.com/products/speedball-water-soluble-block-printing-inks/?fromSearch=%2Fsearch%2F%3Fsearchword%3Dprocess+yellow+ink&Item=40303-4402,""
143,Block Print Ink - Proc Yellow,Printmaking,"Speedball Water-Soluble Block Printing Ink - Process Yellow, 5 oz",Adv Art 2,Blick Art Materials,"40303-4402",https://www.dickblick.com/products/speedball-water-soluble-block-printing-inks/?fromSearch=%2Fsearch%2F%3Fsearchword%3Dprocess+yellow+ink&Item=40303-4402,""
144,Block Printing Ink,Printmaking,Speedball Water-Soluble Block Printing Inks and Sets,Adv Art 1,Blick Art Materials,Various,https://www.dickblick.com/products/speedball-water-soluble-block-printing-inks/,""
144,Block Printing Ink,Printmaking,Speedball Water-Soluble Block Printing Inks and Sets,Adv Art 2,Blick Art Materials,Various,https://www.dickblick.com/products/speedball-water-soluble-block-printing-inks/,""
145,Aluminum Foil 250sqft,Sculpture,Aluminum Foil,Art 2,Amazon,Various,https://www.amazon.com/Amazon-Basics-Aluminum-Foil-Pack/dp/B093WS3YGV/ref=sr_1_8?crid=1RIA6GC04VIXS&dib=eyJ2IjoiMSJ9.JN6kgihxZp9y04DiAZCkAqUQoB3Tm9IR1826PkVyWckk2A4F52jpL2mBWIkyz9dFgcGOJ0Hj2n_Q4hnzHDhXZriyxnQycP1t1jVNLM95CluA6g5cFamiuW9xlZg6jnHNCKf0EC6m5zOkWwH5MKCun9JwIO-QiUkk1NUBFKIk_v7YLVl_pthIgIhxpliaL5W7-o2imoQwVCzxtvzVD4QKlbmJ4Pi1M69YZfbcvaTvdj77fBuYAAJYqY_xj4NroLKdR5al-2rk7Qr60cMwDfrfiZ7GphNP89bCOFet5-0OT50.QeYYtvXuS8AcoV8ts3uvyOgQaAhq4pGGQj3mNT9hVdY&dib_tag=se&keywords=aluminum%2Bfoil&qid=1775911216&rdc=1&sprefix=aluminum%2Caps%2C145&sr=8-8&th=1,"250 sqft is recommened amount. Can get less for class needs"
145,Aluminum Foil 250sqft,Sculpture,Aluminum Foil,Art 4,Amazon,Various,https://www.amazon.com/Amazon-Basics-Aluminum-Foil-Pack/dp/B093WS3YGV/ref=sr_1_8?crid=1RIA6GC04VIXS&dib=eyJ2IjoiMSJ9.JN6kgihxZp9y04DiAZCkAqUQoB3Tm9IR1826PkVyWckk2A4F52jpL2mBWIkyz9dFgcGOJ0Hj2n_Q4hnzHDhXZriyxnQycP1t1jVNLM95CluA6g5cFamiuW9xlZg6jnHNCKf0EC6m5zOkWwH5MKCun9JwIO-QiUkk1NUBFKIk_v7YLVl_pthIgIhxpliaL5W7-o2imoQwVCzxtvzVD4QKlbmJ4Pi1M69YZfbcvaTvdj77fBuYAAJYqY_xj4NroLKdR5al-2rk7Qr60cMwDfrfiZ7GphNP89bCOFet5-0OT50.QeYYtvXuS8AcoV8ts3uvyOgQaAhq4pGGQj3mNT9hVdY&dib_tag=se&keywords=aluminum%2Bfoil&qid=1775911216&rdc=1&sprefix=aluminum%2Caps%2C145&sr=8-8&th=1,"250 sqft is recommened amount. Can get less for class needs"
145,Aluminum Foil 250sqft,Sculpture,Aluminum Foil,AP3D,Amazon,Various,https://www.amazon.com/Amazon-Basics-Aluminum-Foil-Pack/dp/B093WS3YGV/ref=sr_1_8?crid=1RIA6GC04VIXS&dib=eyJ2IjoiMSJ9.JN6kgihxZp9y04DiAZCkAqUQoB3Tm9IR1826PkVyWckk2A4F52jpL2mBWIkyz9dFgcGOJ0Hj2n_Q4hnzHDhXZriyxnQycP1t1jVNLM95CluA6g5cFamiuW9xlZg6jnHNCKf0EC6m5zOkWwH5MKCun9JwIO-QiUkk1NUBFKIk_v7YLVl_pthIgIhxpliaL5W7-o2imoQwVCzxtvzVD4QKlbmJ4Pi1M69YZfbcvaTvdj77fBuYAAJYqY_xj4NroLKdR5al-2rk7Qr60cMwDfrfiZ7GphNP89bCOFet5-0OT50.QeYYtvXuS8AcoV8ts3uvyOgQaAhq4pGGQj3mNT9hVdY&dib_tag=se&keywords=aluminum%2Bfoil&qid=1775911216&rdc=1&sprefix=aluminum%2Caps%2C145&sr=8-8&th=1,"250 sqft is recommened amount. Can get less for class needs"
145,Aluminum Foil 250sqft,Sculpture,Aluminum Foil,Art 1,Amazon,Various,https://www.amazon.com/Amazon-Basics-Aluminum-Foil-Pack/dp/B093WS3YGV/ref=sr_1_8?crid=1RIA6GC04VIXS&dib=eyJ2IjoiMSJ9.JN6kgihxZp9y04DiAZCkAqUQoB3Tm9IR1826PkVyWckk2A4F52jpL2mBWIkyz9dFgcGOJ0Hj2n_Q4hnzHDhXZriyxnQycP1t1jVNLM95CluA6g5cFamiuW9xlZg6jnHNCKf0EC6m5zOkWwH5MKCun9JwIO-QiUkk1NUBFKIk_v7YLVl_pthIgIhxpliaL5W7-o2imoQwVCzxtvzVD4QKlbmJ4Pi1M69YZfbcvaTvdj77fBuYAAJYqY_xj4NroLKdR5al-2rk7Qr60cMwDfrfiZ7GphNP89bCOFet5-0OT50.QeYYtvXuS8AcoV8ts3uvyOgQaAhq4pGGQj3mNT9hVdY&dib_tag=se&keywords=aluminum%2Bfoil&qid=1775911216&rdc=1&sprefix=aluminum%2Caps%2C145&sr=8-8&th=1,"250 sqft is recommened amount. Can get less for class needs"
145,Aluminum Foil 250sqft,Sculpture,Aluminum Foil,Adv Art 1,Amazon,Various,https://www.amazon.com/Amazon-Basics-Aluminum-Foil-Pack/dp/B093WS3YGV/ref=sr_1_8?crid=1RIA6GC04VIXS&dib=eyJ2IjoiMSJ9.JN6kgihxZp9y04DiAZCkAqUQoB3Tm9IR1826PkVyWckk2A4F52jpL2mBWIkyz9dFgcGOJ0Hj2n_Q4hnzHDhXZriyxnQycP1t1jVNLM95CluA6g5cFamiuW9xlZg6jnHNCKf0EC6m5zOkWwH5MKCun9JwIO-QiUkk1NUBFKIk_v7YLVl_pthIgIhxpliaL5W7-o2imoQwVCzxtvzVD4QKlbmJ4Pi1M69YZfbcvaTvdj77fBuYAAJYqY_xj4NroLKdR5al-2rk7Qr60cMwDfrfiZ7GphNP89bCOFet5-0OT50.QeYYtvXuS8AcoV8ts3uvyOgQaAhq4pGGQj3mNT9hVdY&dib_tag=se&keywords=aluminum%2Bfoil&qid=1775911216&rdc=1&sprefix=aluminum%2Caps%2C145&sr=8-8&th=1,"250 sqft is recommened amount. Can get less for class needs"
145,Aluminum Foil 250sqft,Sculpture,Aluminum Foil,Adv Art 2,Amazon,Various,https://www.amazon.com/Amazon-Basics-Aluminum-Foil-Pack/dp/B093WS3YGV/ref=sr_1_8?crid=1RIA6GC04VIXS&dib=eyJ2IjoiMSJ9.JN6kgihxZp9y04DiAZCkAqUQoB3Tm9IR1826PkVyWckk2A4F52jpL2mBWIkyz9dFgcGOJ0Hj2n_Q4hnzHDhXZriyxnQycP1t1jVNLM95CluA6g5cFamiuW9xlZg6jnHNCKf0EC6m5zOkWwH5MKCun9JwIO-QiUkk1NUBFKIk_v7YLVl_pthIgIhxpliaL5W7-o2imoQwVCzxtvzVD4QKlbmJ4Pi1M69YZfbcvaTvdj77fBuYAAJYqY_xj4NroLKdR5al-2rk7Qr60cMwDfrfiZ7GphNP89bCOFet5-0OT50.QeYYtvXuS8AcoV8ts3uvyOgQaAhq4pGGQj3mNT9hVdY&dib_tag=se&keywords=aluminum%2Bfoil&qid=1775911216&rdc=1&sprefix=aluminum%2Caps%2C145&sr=8-8&th=1,"250 sqft is recommened amount. Can get less for class needs"
145,Aluminum Foil 250sqft,Sculpture,Aluminum Foil,Art 3,Amazon,Various,https://www.amazon.com/Amazon-Basics-Aluminum-Foil-Pack/dp/B093WS3YGV/ref=sr_1_8?crid=1RIA6GC04VIXS&dib=eyJ2IjoiMSJ9.JN6kgihxZp9y04DiAZCkAqUQoB3Tm9IR1826PkVyWckk2A4F52jpL2mBWIkyz9dFgcGOJ0Hj2n_Q4hnzHDhXZriyxnQycP1t1jVNLM95CluA6g5cFamiuW9xlZg6jnHNCKf0EC6m5zOkWwH5MKCun9JwIO-QiUkk1NUBFKIk_v7YLVl_pthIgIhxpliaL5W7-o2imoQwVCzxtvzVD4QKlbmJ4Pi1M69YZfbcvaTvdj77fBuYAAJYqY_xj4NroLKdR5al-2rk7Qr60cMwDfrfiZ7GphNP89bCOFet5-0OT50.QeYYtvXuS8AcoV8ts3uvyOgQaAhq4pGGQj3mNT9hVdY&dib_tag=se&keywords=aluminum%2Bfoil&qid=1775911216&rdc=1&sprefix=aluminum%2Caps%2C145&sr=8-8&th=1,"250 sqft is recommened amount. Can get less for class needs"
147,Armature Wire - 14 gauge,Sculpture,Mandala Crafts 14 Gauge Anodized Aluminum Craft Wire for Jewelry Making - 60 FT,Art 2,Amazon,Various,https://www.amazon.com/Mandala-Crafts-Anodized-Aluminum-Sculpting/dp/B06ZXY1PXB/ref=sr_1_6?crid=TK6SRVTNYM96&dib=eyJ2IjoiMSJ9.YqH-wAGGUcI1NBcTJjGJO-wuzmWWqQAyuvdZ5xfWfdOSp8GsWdhqaQTbRL5j2_Y36KQJobAOulwbXpJyHjMUizp9MA3Do0MVaPCyt6VGrF6l8MQcDAWekzTTf7RDWHQTEtaINokoWVcVEWcWcumqD-52BTskocs0cKo3zhheZ6lgBgEwfj_bnp-02Bz4zv1_0IrnJNWZJ-XmW6wL2MExq_od9i3f539jiI8MpktPJ0hfrmVR6JaCzbCOKDLkg8J-MG3GYnZJcH_GTLWezXBx6-vh8T-FjACsTjmAvS6G_4k.s1o50sJ7R33nY4r5sUOHOyZZKey4y8lomgc5Kv6d3w8&dib_tag=se&keywords=armature%2Bwire%2B14%2Bgauge&qid=1775911048&sprefix=armature%2Bwire%2Caps%2C138&sr=8-6&th=1,use material name to search for alternative brands
147,Armature Wire - 14 gauge,Sculpture,Mandala Crafts 14 Gauge Anodized Aluminum Craft Wire for Jewelry Making - 60 FT,Art 4,Amazon,Various,https://www.amazon.com/Mandala-Crafts-Anodized-Aluminum-Sculpting/dp/B06ZXY1PXB/ref=sr_1_6?crid=TK6SRVTNYM96&dib=eyJ2IjoiMSJ9.YqH-wAGGUcI1NBcTJjGJO-wuzmWWqQAyuvdZ5xfWfdOSp8GsWdhqaQTbRL5j2_Y36KQJobAOulwbXpJyHjMUizp9MA3Do0MVaPCyt6VGrF6l8MQcDAWekzTTf7RDWHQTEtaINokoWVcVEWcWcumqD-52BTskocs0cKo3zhheZ6lgBgEwfj_bnp-02Bz4zv1_0IrnJNWZJ-XmW6wL2MExq_od9i3f539jiI8MpktPJ0hfrmVR6JaCzbCOKDLkg8J-MG3GYnZJcH_GTLWezXBx6-vh8T-FjACsTjmAvS6G_4k.s1o50sJ7R33nY4r5sUOHOyZZKey4y8lomgc5Kv6d3w8&dib_tag=se&keywords=armature%2Bwire%2B14%2Bgauge&qid=1775911048&sprefix=armature%2Bwire%2Caps%2C138&sr=8-6&th=1,use material name to search for alternative brands
147,Armature Wire - 14 gauge,Sculpture,Mandala Crafts 14 Gauge Anodized Aluminum Craft Wire for Jewelry Making - 60 FT,AP3D,Amazon,Various,https://www.amazon.com/Mandala-Crafts-Anodized-Aluminum-Sculpting/dp/B06ZXY1PXB/ref=sr_1_6?crid=TK6SRVTNYM96&dib=eyJ2IjoiMSJ9.YqH-wAGGUcI1NBcTJjGJO-wuzmWWqQAyuvdZ5xfWfdOSp8GsWdhqaQTbRL5j2_Y36KQJobAOulwbXpJyHjMUizp9MA3Do0MVaPCyt6VGrF6l8MQcDAWekzTTf7RDWHQTEtaINokoWVcVEWcWcumqD-52BTskocs0cKo3zhheZ6lgBgEwfj_bnp-02Bz4zv1_0IrnJNWZJ-XmW6wL2MExq_od9i3f539jiI8MpktPJ0hfrmVR6JaCzbCOKDLkg8J-MG3GYnZJcH_GTLWezXBx6-vh8T-FjACsTjmAvS6G_4k.s1o50sJ7R33nY4r5sUOHOyZZKey4y8lomgc5Kv6d3w8&dib_tag=se&keywords=armature%2Bwire%2B14%2Bgauge&qid=1775911048&sprefix=armature%2Bwire%2Caps%2C138&sr=8-6&th=1,use material name to search for alternative brands
147,Armature Wire - 14 gauge,Sculpture,Mandala Crafts 14 Gauge Anodized Aluminum Craft Wire for Jewelry Making - 60 FT,Art 1,Amazon,Various,https://www.amazon.com/Mandala-Crafts-Anodized-Aluminum-Sculpting/dp/B06ZXY1PXB/ref=sr_1_6?crid=TK6SRVTNYM96&dib=eyJ2IjoiMSJ9.YqH-wAGGUcI1NBcTJjGJO-wuzmWWqQAyuvdZ5xfWfdOSp8GsWdhqaQTbRL5j2_Y36KQJobAOulwbXpJyHjMUizp9MA3Do0MVaPCyt6VGrF6l8MQcDAWekzTTf7RDWHQTEtaINokoWVcVEWcWcumqD-52BTskocs0cKo3zhheZ6lgBgEwfj_bnp-02Bz4zv1_0IrnJNWZJ-XmW6wL2MExq_od9i3f539jiI8MpktPJ0hfrmVR6JaCzbCOKDLkg8J-MG3GYnZJcH_GTLWezXBx6-vh8T-FjACsTjmAvS6G_4k.s1o50sJ7R33nY4r5sUOHOyZZKey4y8lomgc5Kv6d3w8&dib_tag=se&keywords=armature%2Bwire%2B14%2Bgauge&qid=1775911048&sprefix=armature%2Bwire%2Caps%2C138&sr=8-6&th=1,use material name to search for alternative brands
147,Armature Wire - 14 gauge,Sculpture,Mandala Crafts 14 Gauge Anodized Aluminum Craft Wire for Jewelry Making - 60 FT,Adv Art 1,Amazon,Various,https://www.amazon.com/Mandala-Crafts-Anodized-Aluminum-Sculpting/dp/B06ZXY1PXB/ref=sr_1_6?crid=TK6SRVTNYM96&dib=eyJ2IjoiMSJ9.YqH-wAGGUcI1NBcTJjGJO-wuzmWWqQAyuvdZ5xfWfdOSp8GsWdhqaQTbRL5j2_Y36KQJobAOulwbXpJyHjMUizp9MA3Do0MVaPCyt6VGrF6l8MQcDAWekzTTf7RDWHQTEtaINokoWVcVEWcWcumqD-52BTskocs0cKo3zhheZ6lgBgEwfj_bnp-02Bz4zv1_0IrnJNWZJ-XmW6wL2MExq_od9i3f539jiI8MpktPJ0hfrmVR6JaCzbCOKDLkg8J-MG3GYnZJcH_GTLWezXBx6-vh8T-FjACsTjmAvS6G_4k.s1o50sJ7R33nY4r5sUOHOyZZKey4y8lomgc5Kv6d3w8&dib_tag=se&keywords=armature%2Bwire%2B14%2Bgauge&qid=1775911048&sprefix=armature%2Bwire%2Caps%2C138&sr=8-6&th=1,use material name to search for alternative brands
147,Armature Wire - 14 gauge,Sculpture,Mandala Crafts 14 Gauge Anodized Aluminum Craft Wire for Jewelry Making - 60 FT,Adv Art 2,Amazon,Various,https://www.amazon.com/Mandala-Crafts-Anodized-Aluminum-Sculpting/dp/B06ZXY1PXB/ref=sr_1_6?crid=TK6SRVTNYM96&dib=eyJ2IjoiMSJ9.YqH-wAGGUcI1NBcTJjGJO-wuzmWWqQAyuvdZ5xfWfdOSp8GsWdhqaQTbRL5j2_Y36KQJobAOulwbXpJyHjMUizp9MA3Do0MVaPCyt6VGrF6l8MQcDAWekzTTf7RDWHQTEtaINokoWVcVEWcWcumqD-52BTskocs0cKo3zhheZ6lgBgEwfj_bnp-02Bz4zv1_0IrnJNWZJ-XmW6wL2MExq_od9i3f539jiI8MpktPJ0hfrmVR6JaCzbCOKDLkg8J-MG3GYnZJcH_GTLWezXBx6-vh8T-FjACsTjmAvS6G_4k.s1o50sJ7R33nY4r5sUOHOyZZKey4y8lomgc5Kv6d3w8&dib_tag=se&keywords=armature%2Bwire%2B14%2Bgauge&qid=1775911048&sprefix=armature%2Bwire%2Caps%2C138&sr=8-6&th=1,use material name to search for alternative brands
147,Armature Wire - 14 gauge,Sculpture,Mandala Crafts 14 Gauge Anodized Aluminum Craft Wire for Jewelry Making - 60 FT,Art 3,Amazon,Various,https://www.amazon.com/Mandala-Crafts-Anodized-Aluminum-Sculpting/dp/B06ZXY1PXB/ref=sr_1_6?crid=TK6SRVTNYM96&dib=eyJ2IjoiMSJ9.YqH-wAGGUcI1NBcTJjGJO-wuzmWWqQAyuvdZ5xfWfdOSp8GsWdhqaQTbRL5j2_Y36KQJobAOulwbXpJyHjMUizp9MA3Do0MVaPCyt6VGrF6l8MQcDAWekzTTf7RDWHQTEtaINokoWVcVEWcWcumqD-52BTskocs0cKo3zhheZ6lgBgEwfj_bnp-02Bz4zv1_0IrnJNWZJ-XmW6wL2MExq_od9i3f539jiI8MpktPJ0hfrmVR6JaCzbCOKDLkg8J-MG3GYnZJcH_GTLWezXBx6-vh8T-FjACsTjmAvS6G_4k.s1o50sJ7R33nY4r5sUOHOyZZKey4y8lomgc5Kv6d3w8&dib_tag=se&keywords=armature%2Bwire%2B14%2Bgauge&qid=1775911048&sprefix=armature%2Bwire%2Caps%2C138&sr=8-6&th=1,use material name to search for alternative brands
150,Red Pencil Sharpener,Sharpeners,Blick by KUM Long Point Sharpener,Whole Department,Blick Art Materials,"21461-1001",https://www.dickblick.com/items/blick-by-kum-long-point-sharpener/,""
151,Pencil Sharpener Black,Sharpeners,Blick Pencil Sharpener,Whole Department,Blick Art Materials,"21460-1001",https://www.dickblick.com/items/blick-pencil-sharpener/,""
152,X-Acto Electric Sharpener,Sharpeners,X-Acto School Pro Electric Pencil Sharpener - Black,Whole Department,Blick Art Materials,"81406-2020",https://www.dickblick.com/items/x-acto-school-pro-electric-pencil-sharpener-black/,""
153,Large Cleanup Sponge,Sponges,Large cleanup sponge,Ceramics,Trinity Ceramics,SKU: 3232,https://trinityceramic.com/product/largecleanupsponge/,""
154,Orange Mudsponge,Sponges,Mud Tools Brand Throwing Sponge Orange,Ceramics,Blick Art Materials,"31149-4510",https://www.dickblick.com/items/mudtools-mudsponge-orange-absorbent/,""
155,Blue Mudsponge,Sponges,Mudtools Throwing Sponge Blue,Ceramics,Blick Art Materials,"31149-5010",https://trinityceramic.com/product/blue-mudsponge/,""
155,Blue Mudsponge,Sponges,Mudtools Throwing Sponge Blue,Ceramics,Trinity Ceramics,SKU: 6459,https://trinityceramic.com/product/blue-mudsponge/,""
156,Blue Mudsponge,Sponges,Mudtools Throwing Sponge Blue,Ceramics,Blick Art Materials,"31149-5010",https://www.dickblick.com/items/mudtools-mudsponge-blue-workhorse/,""
156,Blue Mudsponge,Sponges,Mudtools Throwing Sponge Blue,Ceramics,Trinity Ceramics,SKU: 6459,https://www.dickblick.com/items/mudtools-mudsponge-blue-workhorse/,""
157,Small Yellow Rnd Sponge,Sponges,Yellow Round Sponge ,Ceramics,Trinity Ceramics,SKU: 2670,https://trinityceramic.com/product/yellowroundsponge/,""
1,Pencils Classroom pack of 24,Art Kit," 24 each of 6B, 4B, 2B, B, HB, and 2H.",Whole Department,Blick Art Materials,"22220-2144",https://www.dickblick.com/items/blick-studio-drawing-pencils-class-pack-of-144/,Class set for art kits. Order individual pencils to replace is recommended
2,"2B Pencil",Art Kit,"2B Pencil single re-order",Whole Department,Blick Art Materials,"22220-2021",https://www.dickblick.com/items/blick-studio-drawing-pencil-2b/,Individual Pencil re-order for Art Kit
3,"2H Pencil",Art Kit,"2H Pencil single re-order",Whole Department,Blick Art Materials,"22220-2003",https://www.dickblick.com/items/blick-studio-drawing-pencil-2h/,Individual Pencil re-order for Art Kit
4,"4B Pencil",Art Kit,"4B Pencil single re-order",Whole Department,Blick Art Materials,"22220-2041",https://www.dickblick.com/items/blick-studio-drawing-pencil-4b/,Individual Pencil re-order for Art Kit
5,"6B Pencil",Art Kit,"6b Pencil single re-order",Whole Department,Blick Art Materials,"22220-2061",https://www.dickblick.com/items/blick-studio-drawing-pencil-6b-softest/,Individual Pencil re-order for Art Kit
7,B Pencil,Art Kit,B Pencil single re-order,Whole Department,Blick Art Materials,"22220-2100",https://www.dickblick.com/items/blick-studio-drawing-pencil-b/,Individual Pencil re-order for Art Kit
9,HB Pencil,Art Kit,HB Pencil single re-order,Whole Department,Blick Art Materials,"22220-2110",https://www.dickblick.com/items/blick-studio-drawing-pencil-hb/,Individual Pencil re-order for Art Kit
14,Sandpaper Block,Art Kit,Sand paper for cleaning blenders,Whole Department,Blick Art Materials,"21517-1000",https://www.dickblick.com/products/sandpaper-block/,""
32,Amaco Celadon Glazes (C),Ceramics,Amaco Celadon Glazes Cone 5/6 - translucent layering,AP3D,Blick Art Materials,Various,https://www.dickblick.com/products/amaco-celadon-high-fire-liquid-glazes/,""
32,Amaco Celadon Glazes (C),Ceramics,Amaco Celadon Glazes Cone 5/6 - translucent layering,Ceramics,Blick Art Materials,Various,https://www.dickblick.com/products/amaco-celadon-high-fire-liquid-glazes/,""
33,Amaco Cosmos (C0) Glazes ,Ceramics,Amaco Cone 5/6 Cosmos Glazes - Runny,AP3D,Blick Art Materials,Various,https://www.dickblick.com/products/amaco-cosmos-glazes/?Item=83429-1008,""
33,Amaco Cosmos (C0) Glazes ,Ceramics,Amaco Cone 5/6 Cosmos Glazes - Runny,Ceramics,Blick Art Materials,Various,https://www.dickblick.com/products/amaco-cosmos-glazes/?Item=83429-1008,""
34,Amaco PC Flux (PCF) Glazes,Ceramics,Amaco Cone 5/6 Flux Glazes,AP3D,Blick Art Materials,Various,https://www.dickblick.com/products/amaco-potters-choice-flux-glazes/,""
34,Amaco PC Flux (PCF) Glazes,Ceramics,Amaco Cone 5/6 Flux Glazes,Ceramics,Blick Art Materials,Various,https://www.dickblick.com/products/amaco-potters-choice-flux-glazes/,""
35,Amaco Potter's Choice Glazes (PC),Ceramics,Amaco PC Cone 5/6 Glazes,AP3D,Blick Art Materials,Various,https://www.dickblick.com/products/amaco-potters-choice-glazes/,""
35,Amaco Potter's Choice Glazes (PC),Ceramics,Amaco PC Cone 5/6 Glazes,Ceramics,Blick Art Materials,Various,https://www.dickblick.com/products/amaco-potters-choice-glazes/,""
36,Mayco Stoneware Gloss Glazes,Ceramics,Basic Color Mayco Cone 5/6 Glazes,Art 2,Blick Art Materials,Various,https://www.dickblick.com/products/mayco-stoneware-gloss-glazes/,""
36,Mayco Stoneware Gloss Glazes,Ceramics,Basic Color Mayco Cone 5/6 Glazes,Art 4,Blick Art Materials,Various,https://www.dickblick.com/products/mayco-stoneware-gloss-glazes/,""
36,Mayco Stoneware Gloss Glazes,Ceramics,Basic Color Mayco Cone 5/6 Glazes,AP3D,Blick Art Materials,Various,https://www.dickblick.com/products/mayco-stoneware-gloss-glazes/,""
36,Mayco Stoneware Gloss Glazes,Ceramics,Basic Color Mayco Cone 5/6 Glazes,Art 1,Blick Art Materials,Various,https://www.dickblick.com/products/mayco-stoneware-gloss-glazes/,""
36,Mayco Stoneware Gloss Glazes,Ceramics,Basic Color Mayco Cone 5/6 Glazes,Adv Art 1,Blick Art Materials,Various,https://www.dickblick.com/products/mayco-stoneware-gloss-glazes/,""
36,Mayco Stoneware Gloss Glazes,Ceramics,Basic Color Mayco Cone 5/6 Glazes,Adv Art 2,Blick Art Materials,Various,https://www.dickblick.com/products/mayco-stoneware-gloss-glazes/,""
36,Mayco Stoneware Gloss Glazes,Ceramics,Basic Color Mayco Cone 5/6 Glazes,Ceramics,Blick Art Materials,Various,https://www.dickblick.com/products/mayco-stoneware-gloss-glazes/,""
36,Mayco Stoneware Gloss Glazes,Ceramics,Basic Color Mayco Cone 5/6 Glazes,Art 3,Blick Art Materials,Various,https://www.dickblick.com/products/mayco-stoneware-gloss-glazes/,""
38,Mayco Stoneware Crystal Glazes,Ceramics,Mayco Crystal Glazes Cone 5/6,AP3D,Blick Art Materials,Various,https://www.dickblick.com/products/mayco-stoneware-crystal-glazes/,""
38,Mayco Stoneware Crystal Glazes,Ceramics,Mayco Crystal Glazes Cone 5/6,Ceramics,Blick Art Materials,Various,https://www.dickblick.com/products/mayco-stoneware-crystal-glazes/,""
39,Mayco Underglazes,Ceramics,Mayco Fundamentals Underglazes and Sets,AP3D,Blick Art Materials,Various,https://www.dickblick.com/products/mayco-fundamentals-underglazes/,""
39,Mayco Underglazes,Ceramics,Mayco Fundamentals Underglazes and Sets,Adv Art 2,Blick Art Materials,Various,https://www.dickblick.com/products/mayco-fundamentals-underglazes/,""
39,Mayco Underglazes,Ceramics,Mayco Fundamentals Underglazes and Sets,Ceramics,Blick Art Materials,Various,https://www.dickblick.com/products/mayco-fundamentals-underglazes/,""
40,Mayco Stoneware Classic Glazes,Ceramics,Mayco Stoneware Classic Glazes Cone 5/6,AP3D,Blick Art Materials,Various,https://www.dickblick.com/products/mayco-stoneware-classic-glazes/,""
40,Mayco Stoneware Classic Glazes,Ceramics,Mayco Stoneware Classic Glazes Cone 5/6,Ceramics,Blick Art Materials,Various,https://www.dickblick.com/products/mayco-stoneware-classic-glazes/,""
41,Mayco Zinc Free Clear Glaze - Powder,Ceramics,Mayco Stoneware Zinc Free Clear Dry Glaze,AP3D,Blick Art Materials,"30588-1060",https://www.dickblick.com/products/mayco-stoneware-zinc-free-clear-dry-glaze/,""
41,Mayco Zinc Free Clear Glaze - Powder,Ceramics,Mayco Stoneware Zinc Free Clear Dry Glaze,Ceramics,Blick Art Materials,"30588-1060",https://www.dickblick.com/products/mayco-stoneware-zinc-free-clear-dry-glaze/,""
42,Spectrum Floating Glazes,Ceramics,Spectrum Floating Cone 5/6 Glazes,AP3D,Blick Art Materials,Various,https://www.dickblick.com/products/spectrum-floating-glazes/,""
42,Spectrum Floating Glazes,Ceramics,Spectrum Floating Cone 5/6 Glazes,Ceramics,Blick Art Materials,Various,https://www.dickblick.com/products/spectrum-floating-glazes/,""
50,Nitrile Exam Gloves Large,Class Supplies,Latex Free Exam Gloves Large,Whole Department,Blick Art Materials,Various,https://www.amazon.com/TITANflex-Disposable-Nitrile-Cooking-Mechanic/dp/B0BR7SGFCJ/ref=sr_1_1?crid=3SO32B0B47ZEI&dib=eyJ2IjoiMSJ9.YUYWh2aKHRh5DF3nmIuENM_hHQG-YTe22BkiifKqW9fDmCCeuvwtRDEn8MD5M4yAmP7uVOIDQawSKxOMCTaH39SwiTOUTMVTaIju_J-kqizvxPMBMbUMo1vZwtJSbBn_E90dut5P_xA985IHumYp_2sIke5rP0lDC607GqjhL7AQWyBR2HyF3M8xGHu28I-AzuXPCbjC9BCxIDYqftr6dfMG8GTMl3UsHf9-FUZrrZk.7MO9o0JQeXbZLNLzGiaGvPec4HlNugNrnrnJBksUsz0&dib_tag=se&keywords=TitanFlex%2BDisposable%2BNitrile%2BExam%2BGloves%2C%2B6-mil%2C%2BBlack%2C%2BHeavy%2BDuty%2C%2BLatex%2BFree%2C%2BFood%2BSafe%2Bfor%2BCooking%2B%26%2BFood%2BPrep&nsdOptOutParam=true&qid=1775952909&sprefix=titanflex%2Bdisposable%2Bnitrile%2Bexam%2Bgloves%2C%2B6-mil%2C%2Bblack%2C%2Bheavy%2Bduty%2C%2Blatex%2Bfree%2C%2Bfood%2Bsafe%2Bfor%2Bcooking%2B%26%2Bfood%2Bprep%2Caps%2C150&sr=8-1&th=1,"if discontinued, find another brand"
146,"Aves Apoxie Sculpt - White, 64 oz",Sculpture,Apoxie Sculpt White 4lb. 2 parts,AP3D,Blick Art Materials,"30570-1024",https://www.dickblick.com/items/4lb-white/,""
148,Original Sculpey 1lb. pack of 24,Sculpture,Polymer Clay Original Sculpey Classroom Pack of 24,Art 2,Blick Art Materials,"33219-1024",https://www.dickblick.com/items/original-sculpey-classroom-carton-24-lb-white/,""
148,Original Sculpey 1lb. pack of 24,Sculpture,Polymer Clay Original Sculpey Classroom Pack of 24,Art 4,Blick Art Materials,"33219-1024",https://www.dickblick.com/items/original-sculpey-classroom-carton-24-lb-white/,""
148,Original Sculpey 1lb. pack of 24,Sculpture,Polymer Clay Original Sculpey Classroom Pack of 24,AP3D,Blick Art Materials,"33219-1024",https://www.dickblick.com/items/original-sculpey-classroom-carton-24-lb-white/,""
148,Original Sculpey 1lb. pack of 24,Sculpture,Polymer Clay Original Sculpey Classroom Pack of 24,Art 1,Blick Art Materials,"33219-1024",https://www.dickblick.com/items/original-sculpey-classroom-carton-24-lb-white/,""
148,Original Sculpey 1lb. pack of 24,Sculpture,Polymer Clay Original Sculpey Classroom Pack of 24,Adv Art 1,Blick Art Materials,"33219-1024",https://www.dickblick.com/items/original-sculpey-classroom-carton-24-lb-white/,""
148,Original Sculpey 1lb. pack of 24,Sculpture,Polymer Clay Original Sculpey Classroom Pack of 24,Adv Art 2,Blick Art Materials,"33219-1024",https://www.dickblick.com/items/original-sculpey-classroom-carton-24-lb-white/,""
148,Original Sculpey 1lb. pack of 24,Sculpture,Polymer Clay Original Sculpey Classroom Pack of 24,Art 3,Blick Art Materials,"33219-1024",https://www.dickblick.com/items/original-sculpey-classroom-carton-24-lb-white/,""
149,Super Sculpey 1lb,Sculpture,Polymer Clay Super Sculpey,AP3D,Blick Art Materials,"33217-3716",https://www.dickblick.com/items/super-sculpey-1-lb/,""
